date,channel,campaign,amount_spent_usd,clicks,impressions,cpc
2024-01-01,Google_Search,GSearch_Brand,2098.57,3730,100710,0.563
2024-01-01,Google_Search,GSearch_Generic,1112.23,1310,20960,0.849
2024-01-01,Google_Search,GSearch_Competitor,2191.75,802,12030,2.733
2024-01-01,Meta_Facebook,FB_Retargeting,1303.84,2250,33750,0.579
2024-01-01,Meta_Facebook,FB_Lookalike,671.68,380,4180,1.768
2024-01-01,Meta_Facebook,FB_Awareness,1254.12,547,24068,2.293
2024-01-01,TikTok,TikTok_Video1,745.38,459,12393,1.624
2024-01-01,TikTok,TikTok_Promo,1252.26,2425,48500,0.516
2024-01-01,LinkedIn,LinkedIn_B2B,1866.09,1381,26239,1.351
2024-01-01,LinkedIn,LinkedIn_Lead,852.16,353,5648,2.414
2024-01-01,Email,Email_Welcome,73.19,98,3136,0.747
2024-01-01,Email,Email_Promo,200.93,79,3081,2.543
2024-01-01,Email,Email_Retention,184.06,62,2108,2.969
2024-01-01,Organic,Organic_SEO,0.0,200,10000,0.0
2024-01-01,Organic,Organic_Direct,0.0,491,16203,0.0
2024-01-02,Google_Search,GSearch_Brand,1943.38,859,10308,2.262
2024-01-02,Google_Search,GSearch_Generic,2153.16,885,13275,2.433
2024-01-02,Google_Search,GSearch_Competitor,2638.29,989,33626,2.668
2024-01-02,Meta_Facebook,FB_Retargeting,772.56,369,12177,2.094
2024-01-02,Meta_Facebook,FB_Lookalike,576.51,415,11205,1.389
2024-01-02,Meta_Facebook,FB_Awareness,1493.09,675,9450,2.212
2024-01-02,TikTok,TikTok_Video1,991.87,1069,26725,0.928
2024-01-02,TikTok,TikTok_Promo,412.42,284,14200,1.452
2024-01-02,LinkedIn,LinkedIn_B2B,1845.14,1758,52740,1.05
2024-01-02,LinkedIn,LinkedIn_Lead,2169.99,889,21336,2.441
2024-01-02,Email,Email_Welcome,255.45,101,3535,2.529
2024-01-02,Email,Email_Promo,116.94,113,5198,1.035
2024-01-02,Email,Email_Retention,269.09,209,8569,1.288
2024-01-02,Organic,Organic_SEO,0.0,379,14781,0.0
2024-01-02,Organic,Organic_Direct,0.0,121,3025,0.0
2024-01-03,Google_Search,GSearch_Brand,2362.47,1278,60066,1.849
2024-01-03,Google_Search,GSearch_Generic,1571.08,802,26466,1.959
2024-01-03,Google_Search,GSearch_Competitor,1048.3,350,14700,2.995
2024-01-03,Meta_Facebook,FB_Retargeting,1138.98,476,8092,2.393
2024-01-03,Meta_Facebook,FB_Lookalike,559.83,622,23014,0.9
2024-01-03,Meta_Facebook,FB_Awareness,1313.9,898,43104,1.463
2024-01-03,TikTok,TikTok_Video1,1494.96,820,36900,1.823
2024-01-03,TikTok,TikTok_Promo,1319.01,2494,42398,0.529
2024-01-03,LinkedIn,LinkedIn_B2B,1831.59,994,26838,1.843
2024-01-03,LinkedIn,LinkedIn_Lead,2014.06,1491,41748,1.351
2024-01-03,Email,Email_Welcome,158.69,97,2522,1.636
2024-01-03,Email,Email_Promo,292.97,121,5082,2.421
2024-01-03,Email,Email_Retention,278.16,103,2987,2.701
2024-01-03,Organic,Organic_SEO,0.0,309,14832,0.0
2024-01-03,Organic,Organic_Direct,0.0,241,4820,0.0
2024-01-04,Google_Search,GSearch_Brand,1848.45,755,32465,2.448
2024-01-04,Google_Search,GSearch_Generic,2796.23,1399,57359,1.999
2024-01-04,Google_Search,GSearch_Competitor,548.69,194,5626,2.828
2024-01-04,Meta_Facebook,FB_Retargeting,707.07,641,29486,1.103
2024-01-04,Meta_Facebook,FB_Lookalike,1909.81,2674,109634,0.714
2024-01-04,Meta_Facebook,FB_Awareness,1687.24,572,25168,2.95
2024-01-04,TikTok,TikTok_Video1,1195.58,1456,58240,0.821
2024-01-04,TikTok,TikTok_Promo,1430.9,1567,67381,0.913
2024-01-04,LinkedIn,LinkedIn_B2B,2232.11,1432,32936,1.559
2024-01-04,LinkedIn,LinkedIn_Lead,2350.72,984,21648,2.389
2024-01-04,Email,Email_Welcome,228.24,152,5016,1.502
2024-01-04,Email,Email_Promo,159.53,88,1496,1.813
2024-01-04,Email,Email_Retention,111.98,169,1859,0.663
2024-01-04,Organic,Organic_SEO,0.0,167,7849,0.0
2024-01-04,Organic,Organic_Direct,0.0,86,4300,0.0
2024-01-05,Google_Search,GSearch_Brand,647.18,968,11616,0.669
2024-01-05,Google_Search,GSearch_Generic,2649.09,3912,97800,0.677
2024-01-05,Google_Search,GSearch_Competitor,1196.19,698,30712,1.714
2024-01-05,Meta_Facebook,FB_Retargeting,524.93,184,8464,2.853
2024-01-05,Meta_Facebook,FB_Lookalike,1279.56,1155,46200,1.108
2024-01-05,Meta_Facebook,FB_Awareness,1672.74,1713,27408,0.976
2024-01-05,TikTok,TikTok_Video1,1056.68,762,27432,1.387
2024-01-05,TikTok,TikTok_Promo,807.13,347,5552,2.326
2024-01-05,LinkedIn,LinkedIn_B2B,527.29,227,3632,2.323
2024-01-05,LinkedIn,LinkedIn_Lead,922.18,945,35910,0.976
2024-01-05,Email,Email_Welcome,85.05,88,3432,0.966
2024-01-05,Email,Email_Promo,112.45,40,1520,2.811
2024-01-05,Email,Email_Retention,252.01,95,1520,2.653
2024-01-05,Organic,Organic_SEO,0.0,326,3260,0.0
2024-01-05,Organic,Organic_Direct,0.0,435,10875,0.0
2024-01-06,Google_Search,GSearch_Brand,915.78,534,12282,1.715
2024-01-06,Google_Search,GSearch_Generic,2661.63,965,19300,2.758
2024-01-06,Google_Search,GSearch_Competitor,1447.43,488,12688,2.966
2024-01-06,Meta_Facebook,FB_Retargeting,1875.08,761,21308,2.464
2024-01-06,Meta_Facebook,FB_Lookalike,1019.11,352,15840,2.895
2024-01-06,Meta_Facebook,FB_Awareness,1425.18,830,18260,1.717
2024-01-06,TikTok,TikTok_Video1,585.72,200,9400,2.929
2024-01-06,TikTok,TikTok_Promo,1156.46,1772,53160,0.653
2024-01-06,LinkedIn,LinkedIn_B2B,520.05,265,11130,1.962
2024-01-06,LinkedIn,LinkedIn_Lead,2330.71,1275,16575,1.828
2024-01-06,Email,Email_Welcome,290.19,414,8694,0.701
2024-01-06,Email,Email_Promo,67.13,100,2500,0.671
2024-01-06,Email,Email_Retention,150.94,52,2392,2.903
2024-01-06,Organic,Organic_SEO,0.0,354,4248,0.0
2024-01-06,Organic,Organic_Direct,0.0,264,12408,0.0
2024-01-07,Google_Search,GSearch_Brand,1913.07,1481,38506,1.292
2024-01-07,Google_Search,GSearch_Generic,1010.65,441,11025,2.292
2024-01-07,Google_Search,GSearch_Competitor,1164.04,1407,40803,0.827
2024-01-07,Meta_Facebook,FB_Retargeting,1077.28,381,5334,2.828
2024-01-07,Meta_Facebook,FB_Lookalike,315.84,153,7038,2.064
2024-01-07,Meta_Facebook,FB_Awareness,1993.36,2917,67091,0.683
2024-01-07,TikTok,TikTok_Video1,857.65,1031,32992,0.832
2024-01-07,TikTok,TikTok_Promo,1345.12,498,16434,2.701
2024-01-07,LinkedIn,LinkedIn_B2B,998.47,625,27500,1.598
2024-01-07,LinkedIn,LinkedIn_Lead,1877.43,925,39775,2.03
2024-01-07,Email,Email_Welcome,51.96,20,580,2.598
2024-01-07,Email,Email_Promo,282.94,372,6696,0.761
2024-01-07,Email,Email_Retention,116.12,42,1890,2.765
2024-01-07,Organic,Organic_SEO,0.0,194,9312,0.0
2024-01-07,Organic,Organic_Direct,0.0,225,5175,0.0
2024-01-08,Google_Search,GSearch_Brand,2218.74,842,35364,2.635
2024-01-08,Google_Search,GSearch_Generic,1721.33,622,8086,2.767
2024-01-08,Google_Search,GSearch_Competitor,730.75,468,12636,1.561
2024-01-08,Meta_Facebook,FB_Retargeting,374.95,281,5058,1.334
2024-01-08,Meta_Facebook,FB_Lookalike,1383.09,1197,45486,1.155
2024-01-08,Meta_Facebook,FB_Awareness,1237.86,788,7880,1.571
2024-01-08,TikTok,TikTok_Video1,345.44,120,2280,2.879
2024-01-08,TikTok,TikTok_Promo,909.27,351,16497,2.591
2024-01-08,LinkedIn,LinkedIn_B2B,1560.3,991,11892,1.574
2024-01-08,LinkedIn,LinkedIn_Lead,1047.34,381,4572,2.749
2024-01-08,Email,Email_Welcome,274.73,267,6675,1.029
2024-01-08,Email,Email_Promo,216.73,156,7020,1.389
2024-01-08,Email,Email_Retention,271.03,178,8722,1.523
2024-01-08,Organic,Organic_SEO,0.0,171,3420,0.0
2024-01-08,Organic,Organic_Direct,0.0,465,9765,0.0
2024-01-09,Google_Search,GSearch_Brand,2703.54,4810,149110,0.562
2024-01-09,Google_Search,GSearch_Generic,2455.97,1605,40125,1.53
2024-01-09,Google_Search,GSearch_Competitor,1167.01,472,7552,2.472
2024-01-09,Meta_Facebook,FB_Retargeting,950.32,1592,63680,0.597
2024-01-09,Meta_Facebook,FB_Lookalike,678.14,266,10374,2.549
2024-01-09,Meta_Facebook,FB_Awareness,894.42,350,8400,2.555
2024-01-09,TikTok,TikTok_Video1,489.8,227,7945,2.158
2024-01-09,TikTok,TikTok_Promo,626.74,235,6345,2.667
2024-01-09,LinkedIn,LinkedIn_B2B,1137.41,641,28204,1.774
2024-01-09,LinkedIn,LinkedIn_Lead,1095.41,1925,50050,0.569
2024-01-09,Email,Email_Welcome,94.64,32,832,2.958
2024-01-09,Email,Email_Promo,59.56,29,928,2.054
2024-01-09,Email,Email_Retention,232.14,180,8640,1.29
2024-01-09,Organic,Organic_SEO,0.0,109,3706,0.0
2024-01-09,Organic,Organic_Direct,0.0,147,3822,0.0
2024-01-10,Google_Search,GSearch_Brand,610.97,384,16512,1.591
2024-01-10,Google_Search,GSearch_Generic,2813.94,1524,33528,1.846
2024-01-10,Google_Search,GSearch_Competitor,1410.55,2089,64759,0.675
2024-01-10,Meta_Facebook,FB_Retargeting,1359.36,629,10693,2.161
2024-01-10,Meta_Facebook,FB_Lookalike,1523.58,1218,35322,1.251
2024-01-10,Meta_Facebook,FB_Awareness,1433.72,1089,30492,1.317
2024-01-10,TikTok,TikTok_Video1,920.74,939,31926,0.981
2024-01-10,TikTok,TikTok_Promo,1080.51,391,19159,2.763
2024-01-10,LinkedIn,LinkedIn_B2B,1595.12,1052,10520,1.516
2024-01-10,LinkedIn,LinkedIn_Lead,1038.14,1012,47564,1.026
2024-01-10,Email,Email_Welcome,201.67,154,5852,1.31
2024-01-10,Email,Email_Promo,160.54,155,6200,1.036
2024-01-10,Email,Email_Retention,248.43,85,1700,2.923
2024-01-10,Organic,Organic_SEO,0.0,195,8190,0.0
2024-01-10,Organic,Organic_Direct,0.0,367,11377,0.0
2024-01-11,Google_Search,GSearch_Brand,733.47,254,6350,2.888
2024-01-11,Google_Search,GSearch_Generic,2181.99,2055,45210,1.062
2024-01-11,Google_Search,GSearch_Competitor,868.38,1410,56400,0.616
2024-01-11,Meta_Facebook,FB_Retargeting,1339.17,553,21567,2.422
2024-01-11,Meta_Facebook,FB_Lookalike,1004.55,484,10648,2.076
2024-01-11,Meta_Facebook,FB_Awareness,1521.19,1041,36435,1.461
2024-01-11,TikTok,TikTok_Video1,517.18,241,2410,2.146
2024-01-11,TikTok,TikTok_Promo,1360.46,513,8208,2.652
2024-01-11,LinkedIn,LinkedIn_B2B,2034.68,1943,83549,1.047
2024-01-11,LinkedIn,LinkedIn_Lead,1375.55,726,12342,1.895
2024-01-11,Email,Email_Welcome,164.12,65,2795,2.525
2024-01-11,Email,Email_Promo,296.97,149,5662,1.993
2024-01-11,Email,Email_Retention,203.16,88,3696,2.309
2024-01-11,Organic,Organic_SEO,0.0,330,12540,0.0
2024-01-11,Organic,Organic_Direct,0.0,430,17200,0.0
2024-01-12,Google_Search,GSearch_Brand,1625.17,683,34150,2.379
2024-01-12,Google_Search,GSearch_Generic,1193.28,488,20008,2.445
2024-01-12,Google_Search,GSearch_Competitor,2066.87,1741,24374,1.187
2024-01-12,Meta_Facebook,FB_Retargeting,1513.03,1392,43152,1.087
2024-01-12,Meta_Facebook,FB_Lookalike,843.51,455,8190,1.854
2024-01-12,Meta_Facebook,FB_Awareness,556.41,381,7239,1.46
2024-01-12,TikTok,TikTok_Video1,1118.34,1692,60912,0.661
2024-01-12,TikTok,TikTok_Promo,630.15,378,4914,1.667
2024-01-12,LinkedIn,LinkedIn_B2B,834.35,538,25286,1.551
2024-01-12,LinkedIn,LinkedIn_Lead,2386.73,4348,200008,0.549
2024-01-12,Email,Email_Welcome,145.1,281,8992,0.516
2024-01-12,Email,Email_Promo,124.65,84,3024,1.484
2024-01-12,Email,Email_Retention,184.56,78,3744,2.366
2024-01-12,Organic,Organic_SEO,0.0,299,7176,0.0
2024-01-12,Organic,Organic_Direct,0.0,298,3278,0.0
2024-01-13,Google_Search,GSearch_Brand,1472.14,677,23695,2.175
2024-01-13,Google_Search,GSearch_Generic,2310.45,888,15984,2.602
2024-01-13,Google_Search,GSearch_Competitor,2951.8,1608,56280,1.836
2024-01-13,Meta_Facebook,FB_Retargeting,1306.22,605,9075,2.159
2024-01-13,Meta_Facebook,FB_Lookalike,1392.67,1659,64701,0.839
2024-01-13,Meta_Facebook,FB_Awareness,608.94,529,15870,1.151
2024-01-13,TikTok,TikTok_Video1,475.16,360,12240,1.32
2024-01-13,TikTok,TikTok_Promo,561.73,195,7020,2.881
2024-01-13,LinkedIn,LinkedIn_B2B,929.77,1319,14509,0.705
2024-01-13,LinkedIn,LinkedIn_Lead,1972.95,3130,100160,0.63
2024-01-13,Email,Email_Welcome,106.06,157,1884,0.676
2024-01-13,Email,Email_Promo,238.56,83,1826,2.874
2024-01-13,Email,Email_Retention,259.81,126,3150,2.062
2024-01-13,Organic,Organic_SEO,0.0,392,6664,0.0
2024-01-13,Organic,Organic_Direct,0.0,161,6279,0.0
2024-01-14,Google_Search,GSearch_Brand,2248.66,930,18600,2.418
2024-01-14,Google_Search,GSearch_Generic,2014.73,692,11764,2.911
2024-01-14,Google_Search,GSearch_Competitor,2444.48,2687,77923,0.91
2024-01-14,Meta_Facebook,FB_Retargeting,483.77,857,24853,0.564
2024-01-14,Meta_Facebook,FB_Lookalike,1278.85,461,15674,2.774
2024-01-14,Meta_Facebook,FB_Awareness,974.31,425,5950,2.292
2024-01-14,TikTok,TikTok_Video1,969.73,376,9400,2.579
2024-01-14,TikTok,TikTok_Promo,332.47,136,6528,2.445
2024-01-14,LinkedIn,LinkedIn_B2B,2091.61,839,38594,2.493
2024-01-14,LinkedIn,LinkedIn_Lead,2043.53,1493,55241,1.369
2024-01-14,Email,Email_Welcome,215.38,320,9920,0.673
2024-01-14,Email,Email_Promo,53.16,34,1394,1.564
2024-01-14,Email,Email_Retention,76.38,26,1300,2.938
2024-01-14,Organic,Organic_SEO,0.0,285,5415,0.0
2024-01-14,Organic,Organic_Direct,0.0,425,18275,0.0
2024-01-15,Google_Search,GSearch_Brand,2913.68,2479,109076,1.175
2024-01-15,Google_Search,GSearch_Generic,2436.6,1465,68855,1.663
2024-01-15,Google_Search,GSearch_Competitor,1170.99,445,6675,2.631
2024-01-15,Meta_Facebook,FB_Retargeting,774.18,475,18525,1.63
2024-01-15,Meta_Facebook,FB_Lookalike,1268.74,584,18104,2.172
2024-01-15,Meta_Facebook,FB_Awareness,348.79,132,2772,2.642
2024-01-15,TikTok,TikTok_Video1,833.81,601,15626,1.387
2024-01-15,TikTok,TikTok_Promo,642.44,237,6399,2.711
2024-01-15,LinkedIn,LinkedIn_B2B,1567.16,874,19228,1.793
2024-01-15,LinkedIn,LinkedIn_Lead,579.79,252,10332,2.301
2024-01-15,Email,Email_Welcome,188.79,171,6840,1.104
2024-01-15,Email,Email_Promo,211.48,122,1342,1.733
2024-01-15,Email,Email_Retention,73.26,69,1725,1.062
2024-01-15,Organic,Organic_SEO,0.0,347,11451,0.0
2024-01-15,Organic,Organic_Direct,0.0,321,10272,0.0
2024-01-16,Google_Search,GSearch_Brand,1563.76,661,20491,2.366
2024-01-16,Google_Search,GSearch_Generic,1379.53,844,24476,1.635
2024-01-16,Google_Search,GSearch_Competitor,1128.51,1407,30954,0.802
2024-01-16,Meta_Facebook,FB_Retargeting,836.43,354,7434,2.363
2024-01-16,Meta_Facebook,FB_Lookalike,625.62,266,7182,2.352
2024-01-16,Meta_Facebook,FB_Awareness,1531.79,520,22360,2.946
2024-01-16,TikTok,TikTok_Video1,975.83,330,7260,2.957
2024-01-16,TikTok,TikTok_Promo,585.12,417,12093,1.403
2024-01-16,LinkedIn,LinkedIn_B2B,429.71,234,6318,1.836
2024-01-16,LinkedIn,LinkedIn_Lead,495.58,778,21784,0.637
2024-01-16,Email,Email_Welcome,224.35,275,11275,0.816
2024-01-16,Email,Email_Promo,75.65,142,3976,0.533
2024-01-16,Email,Email_Retention,167.35,104,2184,1.609
2024-01-16,Organic,Organic_SEO,0.0,179,7160,0.0
2024-01-16,Organic,Organic_Direct,0.0,83,2905,0.0
2024-01-17,Google_Search,GSearch_Brand,1729.37,890,11570,1.943
2024-01-17,Google_Search,GSearch_Generic,879.32,347,10063,2.534
2024-01-17,Google_Search,GSearch_Competitor,712.95,636,28620,1.121
2024-01-17,Meta_Facebook,FB_Retargeting,1599.55,793,38857,2.017
2024-01-17,Meta_Facebook,FB_Lookalike,683.67,378,14364,1.809
2024-01-17,Meta_Facebook,FB_Awareness,1844.46,1483,69701,1.244
2024-01-17,TikTok,TikTok_Video1,1487.04,1176,57624,1.264
2024-01-17,TikTok,TikTok_Promo,278.3,95,1520,2.929
2024-01-17,LinkedIn,LinkedIn_B2B,2389.94,2344,53912,1.02
2024-01-17,LinkedIn,LinkedIn_Lead,955.76,1359,33975,0.703
2024-01-17,Email,Email_Welcome,93.45,135,1350,0.692
2024-01-17,Email,Email_Promo,152.13,68,2720,2.237
2024-01-17,Email,Email_Retention,122.81,113,3164,1.087
2024-01-17,Organic,Organic_SEO,0.0,282,3948,0.0
2024-01-17,Organic,Organic_Direct,0.0,185,9250,0.0
2024-01-18,Google_Search,GSearch_Brand,1974.47,786,17292,2.512
2024-01-18,Google_Search,GSearch_Generic,1562.85,839,15941,1.863
2024-01-18,Google_Search,GSearch_Competitor,2771.03,1079,15106,2.568
2024-01-18,Meta_Facebook,FB_Retargeting,401.38,161,7728,2.493
2024-01-18,Meta_Facebook,FB_Lookalike,1573.23,818,22904,1.923
2024-01-18,Meta_Facebook,FB_Awareness,1046.56,626,18154,1.672
2024-01-18,TikTok,TikTok_Video1,1109.65,388,16296,2.86
2024-01-18,TikTok,TikTok_Promo,901.98,565,27120,1.596
2024-01-18,LinkedIn,LinkedIn_B2B,483.71,306,9180,1.581
2024-01-18,LinkedIn,LinkedIn_Lead,1667.8,2953,70872,0.565
2024-01-18,Email,Email_Welcome,290.48,112,5152,2.594
2024-01-18,Email,Email_Promo,196.78,356,9612,0.553
2024-01-18,Email,Email_Retention,194.06,80,1680,2.426
2024-01-18,Organic,Organic_SEO,0.0,383,14554,0.0
2024-01-18,Organic,Organic_Direct,0.0,142,6674,0.0
2024-01-19,Google_Search,GSearch_Brand,1589.71,626,9390,2.539
2024-01-19,Google_Search,GSearch_Generic,1675.03,1101,33030,1.521
2024-01-19,Google_Search,GSearch_Competitor,2175.33,822,25482,2.646
2024-01-19,Meta_Facebook,FB_Retargeting,999.8,575,20125,1.739
2024-01-19,Meta_Facebook,FB_Lookalike,1683.06,897,34983,1.876
2024-01-19,Meta_Facebook,FB_Awareness,449.7,397,6749,1.133
2024-01-19,TikTok,TikTok_Video1,1461.24,967,40614,1.511
2024-01-19,TikTok,TikTok_Promo,1272.41,2530,111320,0.503
2024-01-19,LinkedIn,LinkedIn_B2B,1370.15,2155,92665,0.636
2024-01-19,LinkedIn,LinkedIn_Lead,1159.74,485,24250,2.391
2024-01-19,Email,Email_Welcome,160.51,255,6885,0.629
2024-01-19,Email,Email_Promo,187.3,66,2508,2.838
2024-01-19,Email,Email_Retention,270.21,157,1727,1.721
2024-01-19,Organic,Organic_SEO,0.0,361,9025,0.0
2024-01-19,Organic,Organic_Direct,0.0,209,9405,0.0
2024-01-20,Google_Search,GSearch_Brand,534.19,351,8424,1.522
2024-01-20,Google_Search,GSearch_Generic,2980.64,1071,41769,2.783
2024-01-20,Google_Search,GSearch_Competitor,2867.65,1353,25707,2.119
2024-01-20,Meta_Facebook,FB_Retargeting,1147.24,500,21000,2.294
2024-01-20,Meta_Facebook,FB_Lookalike,1499.2,974,38960,1.539
2024-01-20,Meta_Facebook,FB_Awareness,1966.42,1772,79740,1.11
2024-01-20,TikTok,TikTok_Video1,388.03,397,19056,0.977
2024-01-20,TikTok,TikTok_Promo,860.71,318,4452,2.707
2024-01-20,LinkedIn,LinkedIn_B2B,980.12,396,14256,2.475
2024-01-20,LinkedIn,LinkedIn_Lead,1113.74,451,12177,2.469
2024-01-20,Email,Email_Welcome,255.14,211,6119,1.209
2024-01-20,Email,Email_Promo,259.37,133,5453,1.95
2024-01-20,Email,Email_Retention,266.32,164,6560,1.624
2024-01-20,Organic,Organic_SEO,0.0,332,14608,0.0
2024-01-20,Organic,Organic_Direct,0.0,214,4708,0.0
2024-01-21,Google_Search,GSearch_Brand,2951.94,2690,91460,1.097
2024-01-21,Google_Search,GSearch_Generic,1083.91,444,5328,2.441
2024-01-21,Google_Search,GSearch_Competitor,1295.44,769,26146,1.685
2024-01-21,Meta_Facebook,FB_Retargeting,956.33,442,8398,2.164
2024-01-21,Meta_Facebook,FB_Lookalike,1142.06,1927,80934,0.593
2024-01-21,Meta_Facebook,FB_Awareness,1941.1,1459,23344,1.33
2024-01-21,TikTok,TikTok_Video1,1336.45,834,35862,1.602
2024-01-21,TikTok,TikTok_Promo,1383.57,2569,48811,0.539
2024-01-21,LinkedIn,LinkedIn_B2B,1260.96,590,11210,2.137
2024-01-21,LinkedIn,LinkedIn_Lead,557.14,227,5902,2.454
2024-01-21,Email,Email_Welcome,134.64,60,900,2.244
2024-01-21,Email,Email_Promo,262.94,99,4356,2.656
2024-01-21,Email,Email_Retention,145.0,112,4592,1.295
2024-01-21,Organic,Organic_SEO,0.0,68,3332,0.0
2024-01-21,Organic,Organic_Direct,0.0,373,10444,0.0
2024-01-22,Google_Search,GSearch_Brand,2993.56,1264,46768,2.368
2024-01-22,Google_Search,GSearch_Generic,2945.84,1226,19616,2.403
2024-01-22,Google_Search,GSearch_Competitor,1609.2,719,7909,2.238
2024-01-22,Meta_Facebook,FB_Retargeting,378.18,151,4228,2.505
2024-01-22,Meta_Facebook,FB_Lookalike,909.39,576,14400,1.579
2024-01-22,Meta_Facebook,FB_Awareness,1202.98,628,13188,1.916
2024-01-22,TikTok,TikTok_Video1,420.98,603,20502,0.698
2024-01-22,TikTok,TikTok_Promo,1005.62,912,42864,1.103
2024-01-22,LinkedIn,LinkedIn_B2B,700.55,423,10998,1.656
2024-01-22,LinkedIn,LinkedIn_Lead,1365.1,629,24531,2.17
2024-01-22,Email,Email_Welcome,275.3,125,2500,2.202
2024-01-22,Email,Email_Promo,68.47,23,1081,2.977
2024-01-22,Email,Email_Retention,124.79,42,1092,2.971
2024-01-22,Organic,Organic_SEO,0.0,204,4488,0.0
2024-01-22,Organic,Organic_Direct,0.0,486,19440,0.0
2024-01-23,Google_Search,GSearch_Brand,766.63,527,16864,1.455
2024-01-23,Google_Search,GSearch_Generic,1937.03,649,18172,2.985
2024-01-23,Google_Search,GSearch_Competitor,554.85,215,7525,2.581
2024-01-23,Meta_Facebook,FB_Retargeting,766.62,400,5200,1.917
2024-01-23,Meta_Facebook,FB_Lookalike,1848.05,782,21896,2.363
2024-01-23,Meta_Facebook,FB_Awareness,1618.76,1505,48160,1.076
2024-01-23,TikTok,TikTok_Video1,484.71,496,12896,0.977
2024-01-23,TikTok,TikTok_Promo,1081.09,469,8442,2.305
2024-01-23,LinkedIn,LinkedIn_B2B,1719.32,623,7476,2.76
2024-01-23,LinkedIn,LinkedIn_Lead,1048.76,654,30738,1.604
2024-01-23,Email,Email_Welcome,141.22,170,4760,0.831
2024-01-23,Email,Email_Promo,131.68,85,1870,1.549
2024-01-23,Email,Email_Retention,83.04,44,1452,1.887
2024-01-23,Organic,Organic_SEO,0.0,189,3780,0.0
2024-01-23,Organic,Organic_Direct,0.0,472,18880,0.0
2024-01-24,Google_Search,GSearch_Brand,2918.46,2357,73067,1.238
2024-01-24,Google_Search,GSearch_Generic,2510.58,1502,21028,1.671
2024-01-24,Google_Search,GSearch_Competitor,851.89,292,10220,2.917
2024-01-24,Meta_Facebook,FB_Retargeting,1944.36,774,25542,2.512
2024-01-24,Meta_Facebook,FB_Lookalike,453.51,305,7930,1.487
2024-01-24,Meta_Facebook,FB_Awareness,1212.17,740,19240,1.638
2024-01-24,TikTok,TikTok_Video1,959.93,375,12375,2.56
2024-01-24,TikTok,TikTok_Promo,340.85,314,3454,1.086
2024-01-24,LinkedIn,LinkedIn_B2B,1701.05,595,17850,2.859
2024-01-24,LinkedIn,LinkedIn_Lead,2322.04,2204,30856,1.054
2024-01-24,Email,Email_Welcome,208.85,125,3625,1.671
2024-01-24,Email,Email_Promo,212.31,268,3216,0.792
2024-01-24,Email,Email_Retention,286.57,227,9307,1.262
2024-01-24,Organic,Organic_SEO,0.0,170,7480,0.0
2024-01-24,Organic,Organic_Direct,0.0,282,9306,0.0
2024-01-25,Google_Search,GSearch_Brand,2176.22,922,40568,2.36
2024-01-25,Google_Search,GSearch_Generic,1547.82,657,12483,2.356
2024-01-25,Google_Search,GSearch_Competitor,2713.53,1269,52029,2.138
2024-01-25,Meta_Facebook,FB_Retargeting,1346.61,472,12744,2.853
2024-01-25,Meta_Facebook,FB_Lookalike,355.62,249,9462,1.428
2024-01-25,Meta_Facebook,FB_Awareness,1055.98,968,31944,1.091
2024-01-25,TikTok,TikTok_Video1,329.16,148,6512,2.224
2024-01-25,TikTok,TikTok_Promo,1372.21,649,8437,2.114
2024-01-25,LinkedIn,LinkedIn_B2B,1236.09,1268,21556,0.975
2024-01-25,LinkedIn,LinkedIn_Lead,2392.92,934,14010,2.562
2024-01-25,Email,Email_Welcome,215.69,102,4896,2.115
2024-01-25,Email,Email_Promo,292.77,467,14477,0.627
2024-01-25,Email,Email_Retention,110.89,136,6256,0.815
2024-01-25,Organic,Organic_SEO,0.0,474,21330,0.0
2024-01-25,Organic,Organic_Direct,0.0,160,3840,0.0
2024-01-26,Google_Search,GSearch_Brand,1321.4,1520,72960,0.869
2024-01-26,Google_Search,GSearch_Generic,507.09,191,3629,2.655
2024-01-26,Google_Search,GSearch_Competitor,2968.82,1604,33684,1.851
2024-01-26,Meta_Facebook,FB_Retargeting,486.87,182,3276,2.675
2024-01-26,Meta_Facebook,FB_Lookalike,325.26,131,3275,2.483
2024-01-26,Meta_Facebook,FB_Awareness,1301.05,2411,62686,0.54
2024-01-26,TikTok,TikTok_Video1,268.12,113,4859,2.373
2024-01-26,TikTok,TikTok_Promo,347.74,527,20026,0.66
2024-01-26,LinkedIn,LinkedIn_B2B,2033.84,1140,18240,1.784
2024-01-26,LinkedIn,LinkedIn_Lead,1349.21,1280,62720,1.054
2024-01-26,Email,Email_Welcome,60.84,24,1032,2.535
2024-01-26,Email,Email_Promo,125.41,59,649,2.126
2024-01-26,Email,Email_Retention,65.21,38,1330,1.716
2024-01-26,Organic,Organic_SEO,0.0,105,4305,0.0
2024-01-26,Organic,Organic_Direct,0.0,277,3878,0.0
2024-01-27,Google_Search,GSearch_Brand,2748.17,2105,39995,1.306
2024-01-27,Google_Search,GSearch_Generic,664.21,559,27950,1.188
2024-01-27,Google_Search,GSearch_Competitor,1963.41,861,29274,2.28
2024-01-27,Meta_Facebook,FB_Retargeting,1990.87,1090,42510,1.826
2024-01-27,Meta_Facebook,FB_Lookalike,1159.44,735,12495,1.577
2024-01-27,Meta_Facebook,FB_Awareness,1749.75,822,36990,2.129
2024-01-27,TikTok,TikTok_Video1,1137.09,1095,41610,1.038
2024-01-27,TikTok,TikTok_Promo,1354.52,882,34398,1.536
2024-01-27,LinkedIn,LinkedIn_B2B,1237.33,532,15960,2.326
2024-01-27,LinkedIn,LinkedIn_Lead,1296.2,599,19767,2.164
2024-01-27,Email,Email_Welcome,288.4,130,5200,2.218
2024-01-27,Email,Email_Promo,66.78,25,375,2.671
2024-01-27,Email,Email_Retention,157.97,66,2178,2.393
2024-01-27,Organic,Organic_SEO,0.0,334,4342,0.0
2024-01-27,Organic,Organic_Direct,0.0,337,15165,0.0
2024-01-28,Google_Search,GSearch_Brand,1324.11,1643,52576,0.806
2024-01-28,Google_Search,GSearch_Generic,2684.02,940,34780,2.855
2024-01-28,Google_Search,GSearch_Competitor,2670.23,1159,32452,2.304
2024-01-28,Meta_Facebook,FB_Retargeting,1320.7,957,44022,1.38
2024-01-28,Meta_Facebook,FB_Lookalike,1162.6,1310,52400,0.887
2024-01-28,Meta_Facebook,FB_Awareness,681.22,884,39780,0.771
2024-01-28,TikTok,TikTok_Video1,677.83,281,12926,2.412
2024-01-28,TikTok,TikTok_Promo,494.01,314,14130,1.573
2024-01-28,LinkedIn,LinkedIn_B2B,2446.55,960,47040,2.548
2024-01-28,LinkedIn,LinkedIn_Lead,1817.45,960,46080,1.893
2024-01-28,Email,Email_Welcome,282.27,109,2943,2.59
2024-01-28,Email,Email_Promo,57.24,48,1392,1.193
2024-01-28,Email,Email_Retention,280.38,203,4263,1.381
2024-01-28,Organic,Organic_SEO,0.0,339,11865,0.0
2024-01-28,Organic,Organic_Direct,0.0,429,21450,0.0
2024-01-29,Google_Search,GSearch_Brand,2929.53,4016,172688,0.729
2024-01-29,Google_Search,GSearch_Generic,1037.83,669,20739,1.551
2024-01-29,Google_Search,GSearch_Competitor,893.52,698,20940,1.28
2024-01-29,Meta_Facebook,FB_Retargeting,1620.62,844,12660,1.92
2024-01-29,Meta_Facebook,FB_Lookalike,1801.68,2026,99274,0.889
2024-01-29,Meta_Facebook,FB_Awareness,384.6,546,20748,0.704
2024-01-29,TikTok,TikTok_Video1,1060.52,618,23484,1.716
2024-01-29,TikTok,TikTok_Promo,738.44,710,29820,1.04
2024-01-29,LinkedIn,LinkedIn_B2B,639.02,405,11340,1.578
2024-01-29,LinkedIn,LinkedIn_Lead,1824.26,920,39560,1.983
2024-01-29,Email,Email_Welcome,216.78,353,12355,0.614
2024-01-29,Email,Email_Promo,296.11,464,10672,0.638
2024-01-29,Email,Email_Retention,125.35,121,2178,1.036
2024-01-29,Organic,Organic_SEO,0.0,198,5940,0.0
2024-01-29,Organic,Organic_Direct,0.0,304,11248,0.0
2024-01-30,Google_Search,GSearch_Brand,939.24,647,15528,1.452
2024-01-30,Google_Search,GSearch_Generic,1750.66,677,21664,2.586
2024-01-30,Google_Search,GSearch_Competitor,680.19,256,3072,2.657
2024-01-30,Meta_Facebook,FB_Retargeting,1041.57,631,8834,1.651
2024-01-30,Meta_Facebook,FB_Lookalike,1765.59,910,41860,1.94
2024-01-30,Meta_Facebook,FB_Awareness,987.52,470,13160,2.101
2024-01-30,TikTok,TikTok_Video1,349.73,633,18990,0.552
2024-01-30,TikTok,TikTok_Promo,423.44,147,5733,2.881
2024-01-30,LinkedIn,LinkedIn_B2B,2147.25,767,11505,2.8
2024-01-30,LinkedIn,LinkedIn_Lead,1317.09,1722,63714,0.765
2024-01-30,Email,Email_Welcome,197.22,108,3780,1.826
2024-01-30,Email,Email_Promo,267.63,113,2712,2.368
2024-01-30,Email,Email_Retention,133.27,144,6048,0.925
2024-01-30,Organic,Organic_SEO,0.0,321,13482,0.0
2024-01-30,Organic,Organic_Direct,0.0,447,14304,0.0
2024-01-31,Google_Search,GSearch_Brand,1377.75,475,9025,2.901
2024-01-31,Google_Search,GSearch_Generic,1090.67,1259,27698,0.866
2024-01-31,Google_Search,GSearch_Competitor,933.75,1058,14812,0.883
2024-01-31,Meta_Facebook,FB_Retargeting,601.15,247,10127,2.434
2024-01-31,Meta_Facebook,FB_Lookalike,1088.72,570,26790,1.91
2024-01-31,Meta_Facebook,FB_Awareness,1063.14,378,17388,2.813
2024-01-31,TikTok,TikTok_Video1,1035.89,349,10470,2.968
2024-01-31,TikTok,TikTok_Promo,1323.52,639,12141,2.071
2024-01-31,LinkedIn,LinkedIn_B2B,1323.5,791,39550,1.673
2024-01-31,LinkedIn,LinkedIn_Lead,1035.92,872,11336,1.188
2024-01-31,Email,Email_Welcome,137.99,201,7839,0.687
2024-01-31,Email,Email_Promo,162.98,253,7084,0.644
2024-01-31,Email,Email_Retention,69.18,26,390,2.661
2024-01-31,Organic,Organic_SEO,0.0,309,10506,0.0
2024-01-31,Organic,Organic_Direct,0.0,333,3996,0.0
2024-02-01,Google_Search,GSearch_Brand,1624.33,643,14146,2.526
2024-02-01,Google_Search,GSearch_Generic,1303.82,771,14649,1.691
2024-02-01,Google_Search,GSearch_Competitor,2894.31,1779,55149,1.627
2024-02-01,Meta_Facebook,FB_Retargeting,1970.06,2771,58191,0.711
2024-02-01,Meta_Facebook,FB_Lookalike,366.54,161,6118,2.277
2024-02-01,Meta_Facebook,FB_Awareness,1190.92,588,19404,2.025
2024-02-01,TikTok,TikTok_Video1,684.71,567,20412,1.208
2024-02-01,TikTok,TikTok_Promo,1206.8,549,7137,2.198
2024-02-01,LinkedIn,LinkedIn_B2B,2057.38,971,13594,2.119
2024-02-01,LinkedIn,LinkedIn_Lead,1092.35,576,19584,1.896
2024-02-01,Email,Email_Welcome,121.04,52,2496,2.328
2024-02-01,Email,Email_Promo,268.32,201,9447,1.335
2024-02-01,Email,Email_Retention,215.9,77,2233,2.804
2024-02-01,Organic,Organic_SEO,0.0,407,14245,0.0
2024-02-01,Organic,Organic_Direct,0.0,412,6180,0.0
2024-02-02,Google_Search,GSearch_Brand,1273.95,883,27373,1.443
2024-02-02,Google_Search,GSearch_Generic,2532.96,1164,50052,2.176
2024-02-02,Google_Search,GSearch_Competitor,733.63,337,14154,2.177
2024-02-02,Meta_Facebook,FB_Retargeting,915.11,650,13650,1.408
2024-02-02,Meta_Facebook,FB_Lookalike,1916.99,1415,58015,1.355
2024-02-02,Meta_Facebook,FB_Awareness,626.41,208,3952,3.012
2024-02-02,TikTok,TikTok_Video1,300.31,115,1840,2.611
2024-02-02,TikTok,TikTok_Promo,860.0,465,19995,1.849
2024-02-02,LinkedIn,LinkedIn_B2B,479.27,357,17493,1.342
2024-02-02,LinkedIn,LinkedIn_Lead,675.2,468,9360,1.443
2024-02-02,Email,Email_Welcome,95.21,42,2058,2.267
2024-02-02,Email,Email_Promo,252.26,276,10488,0.914
2024-02-02,Email,Email_Retention,60.92,43,1075,1.417
2024-02-02,Organic,Organic_SEO,0.0,362,10136,0.0
2024-02-02,Organic,Organic_Direct,0.0,451,17138,0.0
2024-02-03,Google_Search,GSearch_Brand,1085.01,988,39520,1.098
2024-02-03,Google_Search,GSearch_Generic,2759.94,2801,128846,0.985
2024-02-03,Google_Search,GSearch_Competitor,2961.1,1790,50120,1.654
2024-02-03,Meta_Facebook,FB_Retargeting,1622.81,923,33228,1.758
2024-02-03,Meta_Facebook,FB_Lookalike,1942.66,764,36672,2.543
2024-02-03,Meta_Facebook,FB_Awareness,535.28,475,19000,1.127
2024-02-03,TikTok,TikTok_Video1,1336.35,708,11328,1.887
2024-02-03,TikTok,TikTok_Promo,1124.82,628,10676,1.791
2024-02-03,LinkedIn,LinkedIn_B2B,998.63,414,11178,2.412
2024-02-03,LinkedIn,LinkedIn_Lead,1343.57,753,27861,1.784
2024-02-03,Email,Email_Welcome,72.93,26,988,2.805
2024-02-03,Email,Email_Promo,271.16,95,3420,2.854
2024-02-03,Email,Email_Retention,63.31,36,900,1.759
2024-02-03,Organic,Organic_SEO,0.0,91,3003,0.0
2024-02-03,Organic,Organic_Direct,0.0,213,3408,0.0
2024-02-04,Google_Search,GSearch_Brand,2597.94,1222,23218,2.126
2024-02-04,Google_Search,GSearch_Generic,844.0,693,27720,1.218
2024-02-04,Google_Search,GSearch_Competitor,2240.18,2644,105760,0.847
2024-02-04,Meta_Facebook,FB_Retargeting,1062.62,2070,31050,0.513
2024-02-04,Meta_Facebook,FB_Lookalike,332.31,319,6061,1.042
2024-02-04,Meta_Facebook,FB_Awareness,1232.97,531,22833,2.322
2024-02-04,TikTok,TikTok_Video1,750.23,307,7675,2.444
2024-02-04,TikTok,TikTok_Promo,591.5,954,34344,0.62
2024-02-04,LinkedIn,LinkedIn_B2B,1741.8,846,11844,2.059
2024-02-04,LinkedIn,LinkedIn_Lead,632.8,229,10992,2.763
2024-02-04,Email,Email_Welcome,184.01,88,4048,2.091
2024-02-04,Email,Email_Promo,110.48,128,4736,0.863
2024-02-04,Email,Email_Retention,50.39,36,1656,1.4
2024-02-04,Organic,Organic_SEO,0.0,390,5850,0.0
2024-02-04,Organic,Organic_Direct,0.0,234,3276,0.0
2024-02-05,Google_Search,GSearch_Brand,2883.51,1550,65100,1.86
2024-02-05,Google_Search,GSearch_Generic,1885.38,1277,51080,1.476
2024-02-05,Google_Search,GSearch_Competitor,608.84,414,13662,1.471
2024-02-05,Meta_Facebook,FB_Retargeting,731.21,1352,18928,0.541
2024-02-05,Meta_Facebook,FB_Lookalike,886.16,379,18950,2.338
2024-02-05,Meta_Facebook,FB_Awareness,476.23,243,7533,1.96
2024-02-05,TikTok,TikTok_Video1,373.43,270,8370,1.383
2024-02-05,TikTok,TikTok_Promo,1257.56,1341,52299,0.938
2024-02-05,LinkedIn,LinkedIn_B2B,2459.72,1450,30450,1.696
2024-02-05,LinkedIn,LinkedIn_Lead,2104.15,3199,124761,0.658
2024-02-05,Email,Email_Welcome,59.25,59,1298,1.004
2024-02-05,Email,Email_Promo,271.45,210,6090,1.293
2024-02-05,Email,Email_Retention,178.85,60,2640,2.981
2024-02-05,Organic,Organic_SEO,0.0,68,1496,0.0
2024-02-05,Organic,Organic_Direct,0.0,491,6383,0.0
2024-02-06,Google_Search,GSearch_Brand,2664.5,2003,34051,1.33
2024-02-06,Google_Search,GSearch_Generic,2498.36,1568,54880,1.593
2024-02-06,Google_Search,GSearch_Competitor,2358.27,861,29274,2.739
2024-02-06,Meta_Facebook,FB_Retargeting,876.36,906,37146,0.967
2024-02-06,Meta_Facebook,FB_Lookalike,924.49,370,9990,2.499
2024-02-06,Meta_Facebook,FB_Awareness,1661.95,717,10755,2.318
2024-02-06,TikTok,TikTok_Video1,759.79,254,5334,2.991
2024-02-06,TikTok,TikTok_Promo,909.12,697,10455,1.304
2024-02-06,LinkedIn,LinkedIn_B2B,1088.63,878,33364,1.24
2024-02-06,LinkedIn,LinkedIn_Lead,1665.51,1064,40432,1.565
2024-02-06,Email,Email_Welcome,137.89,227,7264,0.607
2024-02-06,Email,Email_Promo,203.71,128,6400,1.591
2024-02-06,Email,Email_Retention,295.01,102,1428,2.892
2024-02-06,Organic,Organic_SEO,0.0,257,8481,0.0
2024-02-06,Organic,Organic_Direct,0.0,433,8660,0.0
2024-02-07,Google_Search,GSearch_Brand,2881.97,3363,161424,0.857
2024-02-07,Google_Search,GSearch_Generic,2195.22,1375,24750,1.597
2024-02-07,Google_Search,GSearch_Competitor,668.08,273,9009,2.447
2024-02-07,Meta_Facebook,FB_Retargeting,915.66,318,3816,2.879
2024-02-07,Meta_Facebook,FB_Lookalike,1328.66,604,19932,2.2
2024-02-07,Meta_Facebook,FB_Awareness,932.42,387,17802,2.409
2024-02-07,TikTok,TikTok_Video1,379.0,267,8010,1.419
2024-02-07,TikTok,TikTok_Promo,1044.43,929,15793,1.124
2024-02-07,LinkedIn,LinkedIn_B2B,454.42,470,20210,0.967
2024-02-07,LinkedIn,LinkedIn_Lead,1212.67,636,16536,1.907
2024-02-07,Email,Email_Welcome,243.74,107,2461,2.278
2024-02-07,Email,Email_Promo,299.09,246,10086,1.216
2024-02-07,Email,Email_Retention,100.04,119,1666,0.841
2024-02-07,Organic,Organic_SEO,0.0,415,15770,0.0
2024-02-07,Organic,Organic_Direct,0.0,464,13920,0.0
2024-02-08,Google_Search,GSearch_Brand,2169.6,954,42930,2.274
2024-02-08,Google_Search,GSearch_Generic,1855.43,680,13600,2.729
2024-02-08,Google_Search,GSearch_Competitor,2279.52,808,40400,2.821
2024-02-08,Meta_Facebook,FB_Retargeting,595.95,424,10176,1.406
2024-02-08,Meta_Facebook,FB_Lookalike,506.32,505,9090,1.003
2024-02-08,Meta_Facebook,FB_Awareness,702.45,404,13332,1.739
2024-02-08,TikTok,TikTok_Video1,920.23,647,29115,1.422
2024-02-08,TikTok,TikTok_Promo,368.7,136,1904,2.711
2024-02-08,LinkedIn,LinkedIn_B2B,1049.51,349,13960,3.007
2024-02-08,LinkedIn,LinkedIn_Lead,1503.96,620,28520,2.426
2024-02-08,Email,Email_Welcome,68.44,23,322,2.976
2024-02-08,Email,Email_Promo,162.49,73,2336,2.226
2024-02-08,Email,Email_Retention,82.08,31,1395,2.648
2024-02-08,Organic,Organic_SEO,0.0,143,2574,0.0
2024-02-08,Organic,Organic_Direct,0.0,494,6422,0.0
2024-02-09,Google_Search,GSearch_Brand,2578.48,1436,41644,1.796
2024-02-09,Google_Search,GSearch_Generic,911.64,697,16728,1.308
2024-02-09,Google_Search,GSearch_Competitor,1365.06,478,13384,2.856
2024-02-09,Meta_Facebook,FB_Retargeting,1738.09,1542,77100,1.127
2024-02-09,Meta_Facebook,FB_Lookalike,1925.8,1623,81150,1.187
2024-02-09,Meta_Facebook,FB_Awareness,814.8,444,18648,1.835
2024-02-09,TikTok,TikTok_Video1,1033.28,521,24487,1.983
2024-02-09,TikTok,TikTok_Promo,400.45,186,8928,2.153
2024-02-09,LinkedIn,LinkedIn_B2B,1109.0,394,4728,2.815
2024-02-09,LinkedIn,LinkedIn_Lead,2133.0,3735,44820,0.571
2024-02-09,Email,Email_Welcome,287.14,118,3068,2.433
2024-02-09,Email,Email_Promo,212.78,88,3168,2.418
2024-02-09,Email,Email_Retention,204.53,355,17750,0.576
2024-02-09,Organic,Organic_SEO,0.0,378,10962,0.0
2024-02-09,Organic,Organic_Direct,0.0,462,16170,0.0
2024-02-10,Google_Search,GSearch_Brand,1243.58,1822,23686,0.683
2024-02-10,Google_Search,GSearch_Generic,895.2,581,22659,1.541
2024-02-10,Google_Search,GSearch_Competitor,1010.06,500,15000,2.02
2024-02-10,Meta_Facebook,FB_Retargeting,1764.52,1359,43488,1.298
2024-02-10,Meta_Facebook,FB_Lookalike,1958.14,2368,78144,0.827
2024-02-10,Meta_Facebook,FB_Awareness,1175.47,1535,38375,0.766
2024-02-10,TikTok,TikTok_Video1,806.41,690,17250,1.169
2024-02-10,TikTok,TikTok_Promo,383.14,611,20774,0.627
2024-02-10,LinkedIn,LinkedIn_B2B,2214.74,1433,28660,1.546
2024-02-10,LinkedIn,LinkedIn_Lead,2108.3,743,22290,2.838
2024-02-10,Email,Email_Welcome,97.46,108,4536,0.902
2024-02-10,Email,Email_Promo,166.7,61,2501,2.733
2024-02-10,Email,Email_Retention,55.79,19,798,2.936
2024-02-10,Organic,Organic_SEO,0.0,173,3979,0.0
2024-02-10,Organic,Organic_Direct,0.0,74,962,0.0
2024-02-11,Google_Search,GSearch_Brand,1203.39,603,24120,1.996
2024-02-11,Google_Search,GSearch_Generic,1214.37,2333,37328,0.521
2024-02-11,Google_Search,GSearch_Competitor,1577.32,582,19206,2.71
2024-02-11,Meta_Facebook,FB_Retargeting,1598.56,1129,39515,1.416
2024-02-11,Meta_Facebook,FB_Lookalike,386.97,203,6699,1.906
2024-02-11,Meta_Facebook,FB_Awareness,1240.48,1814,76188,0.684
2024-02-11,TikTok,TikTok_Video1,785.46,418,20482,1.879
2024-02-11,TikTok,TikTok_Promo,1084.52,1360,21760,0.797
2024-02-11,LinkedIn,LinkedIn_B2B,1227.2,493,15283,2.489
2024-02-11,LinkedIn,LinkedIn_Lead,1571.45,1111,21109,1.414
2024-02-11,Email,Email_Welcome,99.76,56,2352,1.781
2024-02-11,Email,Email_Promo,60.06,100,3100,0.601
2024-02-11,Email,Email_Retention,250.99,139,2641,1.806
2024-02-11,Organic,Organic_SEO,0.0,313,5634,0.0
2024-02-11,Organic,Organic_Direct,0.0,363,10890,0.0
2024-02-12,Google_Search,GSearch_Brand,906.26,304,8816,2.981
2024-02-12,Google_Search,GSearch_Generic,1984.31,1122,47124,1.769
2024-02-12,Google_Search,GSearch_Competitor,1830.85,805,23345,2.274
2024-02-12,Meta_Facebook,FB_Retargeting,1107.32,2044,63364,0.542
2024-02-12,Meta_Facebook,FB_Lookalike,1445.47,490,23030,2.95
2024-02-12,Meta_Facebook,FB_Awareness,823.05,299,14950,2.753
2024-02-12,TikTok,TikTok_Video1,234.64,139,6533,1.688
2024-02-12,TikTok,TikTok_Promo,950.92,412,19364,2.308
2024-02-12,LinkedIn,LinkedIn_B2B,1408.94,778,38122,1.811
2024-02-12,LinkedIn,LinkedIn_Lead,2026.67,1397,34925,1.451
2024-02-12,Email,Email_Welcome,57.89,20,340,2.894
2024-02-12,Email,Email_Promo,97.7,60,2160,1.628
2024-02-12,Email,Email_Retention,87.86,39,1404,2.253
2024-02-12,Organic,Organic_SEO,0.0,363,14520,0.0
2024-02-12,Organic,Organic_Direct,0.0,426,5538,0.0
2024-02-13,Google_Search,GSearch_Brand,2264.44,1260,56700,1.797
2024-02-13,Google_Search,GSearch_Generic,1312.62,608,26144,2.159
2024-02-13,Google_Search,GSearch_Competitor,1442.06,498,19422,2.896
2024-02-13,Meta_Facebook,FB_Retargeting,1850.61,1364,43648,1.357
2024-02-13,Meta_Facebook,FB_Lookalike,1448.98,542,14092,2.673
2024-02-13,Meta_Facebook,FB_Awareness,1337.13,1363,34075,0.981
2024-02-13,TikTok,TikTok_Video1,562.71,451,13079,1.248
2024-02-13,TikTok,TikTok_Promo,1202.53,531,21771,2.265
2024-02-13,LinkedIn,LinkedIn_B2B,1065.79,776,20952,1.373
2024-02-13,LinkedIn,LinkedIn_Lead,1004.36,519,22836,1.935
2024-02-13,Email,Email_Welcome,144.92,49,1568,2.958
2024-02-13,Email,Email_Promo,288.65,114,3192,2.532
2024-02-13,Email,Email_Retention,60.52,20,300,3.026
2024-02-13,Organic,Organic_SEO,0.0,276,7176,0.0
2024-02-13,Organic,Organic_Direct,0.0,159,3498,0.0
2024-02-14,Google_Search,GSearch_Brand,2569.88,2181,98145,1.178
2024-02-14,Google_Search,GSearch_Generic,2240.43,2657,130193,0.843
2024-02-14,Google_Search,GSearch_Competitor,2352.23,2141,27833,1.099
2024-02-14,Meta_Facebook,FB_Retargeting,1438.72,787,39350,1.828
2024-02-14,Meta_Facebook,FB_Lookalike,695.82,927,28737,0.751
2024-02-14,Meta_Facebook,FB_Awareness,1519.51,2022,36396,0.751
2024-02-14,TikTok,TikTok_Video1,206.74,110,2200,1.879
2024-02-14,TikTok,TikTok_Promo,728.98,256,10240,2.848
2024-02-14,LinkedIn,LinkedIn_B2B,1402.64,1404,39312,0.999
2024-02-14,LinkedIn,LinkedIn_Lead,1074.45,508,7620,2.115
2024-02-14,Email,Email_Welcome,213.07,197,2364,1.082
2024-02-14,Email,Email_Promo,278.31,296,6216,0.94
2024-02-14,Email,Email_Retention,283.48,479,16765,0.592
2024-02-14,Organic,Organic_SEO,0.0,145,4060,0.0
2024-02-14,Organic,Organic_Direct,0.0,54,1566,0.0
2024-02-15,Google_Search,GSearch_Brand,1919.9,2499,77469,0.768
2024-02-15,Google_Search,GSearch_Generic,1211.4,407,17908,2.976
2024-02-15,Google_Search,GSearch_Competitor,1810.8,664,11952,2.727
2024-02-15,Meta_Facebook,FB_Retargeting,1746.8,1045,22990,1.672
2024-02-15,Meta_Facebook,FB_Lookalike,1674.98,1262,49218,1.327
2024-02-15,Meta_Facebook,FB_Awareness,1402.09,610,6100,2.299
2024-02-15,TikTok,TikTok_Video1,1157.6,467,21482,2.479
2024-02-15,TikTok,TikTok_Promo,1076.72,1095,53655,0.983
2024-02-15,LinkedIn,LinkedIn_B2B,2197.91,801,29637,2.744
2024-02-15,LinkedIn,LinkedIn_Lead,1482.09,2067,33072,0.717
2024-02-15,Email,Email_Welcome,96.2,112,3360,0.859
2024-02-15,Email,Email_Promo,283.96,549,18666,0.517
2024-02-15,Email,Email_Retention,108.88,45,1395,2.42
2024-02-15,Organic,Organic_SEO,0.0,420,19320,0.0
2024-02-15,Organic,Organic_Direct,0.0,384,12672,0.0
2024-02-16,Google_Search,GSearch_Brand,2231.92,3405,57885,0.655
2024-02-16,Google_Search,GSearch_Generic,1663.49,1849,77658,0.9
2024-02-16,Google_Search,GSearch_Competitor,2807.77,1032,29928,2.721
2024-02-16,Meta_Facebook,FB_Retargeting,1473.49,702,19656,2.099
2024-02-16,Meta_Facebook,FB_Lookalike,924.82,879,15822,1.052
2024-02-16,Meta_Facebook,FB_Awareness,1112.91,679,32592,1.639
2024-02-16,TikTok,TikTok_Video1,685.71,304,12160,2.256
2024-02-16,TikTok,TikTok_Promo,1184.56,472,10856,2.51
2024-02-16,LinkedIn,LinkedIn_B2B,1999.91,908,43584,2.203
2024-02-16,LinkedIn,LinkedIn_Lead,2233.58,3169,120422,0.705
2024-02-16,Email,Email_Welcome,182.04,129,5934,1.411
2024-02-16,Email,Email_Promo,78.05,30,1260,2.602
2024-02-16,Email,Email_Retention,100.54,54,1080,1.862
2024-02-16,Organic,Organic_SEO,0.0,316,12008,0.0
2024-02-16,Organic,Organic_Direct,0.0,155,7285,0.0
2024-02-17,Google_Search,GSearch_Brand,1722.07,626,23788,2.751
2024-02-17,Google_Search,GSearch_Generic,2521.73,1543,64806,1.634
2024-02-17,Google_Search,GSearch_Competitor,1538.56,805,36225,1.911
2024-02-17,Meta_Facebook,FB_Retargeting,1086.04,431,4741,2.52
2024-02-17,Meta_Facebook,FB_Lookalike,973.11,382,8786,2.547
2024-02-17,Meta_Facebook,FB_Awareness,1283.13,2092,66944,0.613
2024-02-17,TikTok,TikTok_Video1,1110.5,599,7787,1.854
2024-02-17,TikTok,TikTok_Promo,1414.96,2103,84120,0.673
2024-02-17,LinkedIn,LinkedIn_B2B,466.64,306,5508,1.525
2024-02-17,LinkedIn,LinkedIn_Lead,2008.24,681,24516,2.949
2024-02-17,Email,Email_Welcome,143.62,52,1976,2.762
2024-02-17,Email,Email_Promo,267.41,96,3264,2.786
2024-02-17,Email,Email_Retention,70.06,24,1056,2.919
2024-02-17,Organic,Organic_SEO,0.0,490,15680,0.0
2024-02-17,Organic,Organic_Direct,0.0,325,11375,0.0
2024-02-18,Google_Search,GSearch_Brand,1822.11,785,18840,2.321
2024-02-18,Google_Search,GSearch_Generic,2587.05,1082,31378,2.391
2024-02-18,Google_Search,GSearch_Competitor,1657.51,721,26677,2.299
2024-02-18,Meta_Facebook,FB_Retargeting,1204.29,470,11750,2.562
2024-02-18,Meta_Facebook,FB_Lookalike,1083.06,1219,26818,0.888
2024-02-18,Meta_Facebook,FB_Awareness,1893.6,818,13906,2.315
2024-02-18,TikTok,TikTok_Video1,241.88,112,5488,2.16
2024-02-18,TikTok,TikTok_Promo,1195.87,441,4851,2.712
2024-02-18,LinkedIn,LinkedIn_B2B,905.4,1354,64992,0.669
2024-02-18,LinkedIn,LinkedIn_Lead,470.51,235,3055,2.002
2024-02-18,Email,Email_Welcome,111.18,182,6916,0.611
2024-02-18,Email,Email_Promo,108.58,104,1352,1.044
2024-02-18,Email,Email_Retention,85.03,28,672,3.037
2024-02-18,Organic,Organic_SEO,0.0,424,19504,0.0
2024-02-18,Organic,Organic_Direct,0.0,356,10680,0.0
2024-02-19,Google_Search,GSearch_Brand,1092.26,405,17415,2.697
2024-02-19,Google_Search,GSearch_Generic,1052.61,841,10933,1.252
2024-02-19,Google_Search,GSearch_Competitor,1891.8,955,20055,1.981
2024-02-19,Meta_Facebook,FB_Retargeting,1364.19,870,35670,1.568
2024-02-19,Meta_Facebook,FB_Lookalike,379.7,278,9452,1.366
2024-02-19,Meta_Facebook,FB_Awareness,1635.87,1261,45396,1.297
2024-02-19,TikTok,TikTok_Video1,730.74,584,12264,1.251
2024-02-19,TikTok,TikTok_Promo,1180.74,701,16824,1.684
2024-02-19,LinkedIn,LinkedIn_B2B,1031.55,454,17706,2.272
2024-02-19,LinkedIn,LinkedIn_Lead,2320.96,1217,43812,1.907
2024-02-19,Email,Email_Welcome,189.32,226,5650,0.838
2024-02-19,Email,Email_Promo,113.75,85,1275,1.338
2024-02-19,Email,Email_Retention,280.56,107,1605,2.622
2024-02-19,Organic,Organic_SEO,0.0,474,10428,0.0
2024-02-19,Organic,Organic_Direct,0.0,243,11664,0.0
2024-02-20,Google_Search,GSearch_Brand,2007.31,747,16434,2.687
2024-02-20,Google_Search,GSearch_Generic,2511.63,1275,57375,1.97
2024-02-20,Google_Search,GSearch_Competitor,1042.54,1019,31589,1.023
2024-02-20,Meta_Facebook,FB_Retargeting,815.42,294,6762,2.774
2024-02-20,Meta_Facebook,FB_Lookalike,1893.17,651,11067,2.908
2024-02-20,Meta_Facebook,FB_Awareness,1569.69,657,16425,2.389
2024-02-20,TikTok,TikTok_Video1,1104.31,488,17080,2.263
2024-02-20,TikTok,TikTok_Promo,1389.66,739,20692,1.88
2024-02-20,LinkedIn,LinkedIn_B2B,1199.39,653,20896,1.837
2024-02-20,LinkedIn,LinkedIn_Lead,1047.69,748,30668,1.401
2024-02-20,Email,Email_Welcome,166.5,66,2640,2.523
2024-02-20,Email,Email_Promo,240.41,184,4232,1.307
2024-02-20,Email,Email_Retention,142.68,92,4232,1.551
2024-02-20,Organic,Organic_SEO,0.0,429,8151,0.0
2024-02-20,Organic,Organic_Direct,0.0,333,15651,0.0
2024-02-21,Google_Search,GSearch_Brand,1947.86,1261,23959,1.545
2024-02-21,Google_Search,GSearch_Generic,990.48,921,42366,1.075
2024-02-21,Google_Search,GSearch_Competitor,2583.41,1477,45787,1.749
2024-02-21,Meta_Facebook,FB_Retargeting,737.46,288,11808,2.561
2024-02-21,Meta_Facebook,FB_Lookalike,1083.41,464,14848,2.335
2024-02-21,Meta_Facebook,FB_Awareness,587.75,255,10455,2.305
2024-02-21,TikTok,TikTok_Video1,439.26,161,2093,2.728
2024-02-21,TikTok,TikTok_Promo,881.13,339,4746,2.599
2024-02-21,LinkedIn,LinkedIn_B2B,2384.9,1098,10980,2.172
2024-02-21,LinkedIn,LinkedIn_Lead,1266.02,485,11640,2.61
2024-02-21,Email,Email_Welcome,66.99,76,1748,0.881
2024-02-21,Email,Email_Promo,176.43,123,6027,1.434
2024-02-21,Email,Email_Retention,209.43,73,2920,2.869
2024-02-21,Organic,Organic_SEO,0.0,58,580,0.0
2024-02-21,Organic,Organic_Direct,0.0,260,2600,0.0
2024-02-22,Google_Search,GSearch_Brand,541.82,235,10340,2.306
2024-02-22,Google_Search,GSearch_Generic,2943.7,5422,200614,0.543
2024-02-22,Google_Search,GSearch_Competitor,2515.42,906,14496,2.776
2024-02-22,Meta_Facebook,FB_Retargeting,1860.68,1027,25675,1.812
2024-02-22,Meta_Facebook,FB_Lookalike,626.28,344,11008,1.821
2024-02-22,Meta_Facebook,FB_Awareness,754.45,505,16665,1.494
2024-02-22,TikTok,TikTok_Video1,1447.09,878,21950,1.648
2024-02-22,TikTok,TikTok_Promo,1487.3,1396,20940,1.065
2024-02-22,LinkedIn,LinkedIn_B2B,1772.85,670,8040,2.646
2024-02-22,LinkedIn,LinkedIn_Lead,596.35,411,18495,1.451
2024-02-22,Email,Email_Welcome,169.0,80,1600,2.112
2024-02-22,Email,Email_Promo,70.67,27,837,2.617
2024-02-22,Email,Email_Retention,191.46,72,1152,2.659
2024-02-22,Organic,Organic_SEO,0.0,71,1704,0.0
2024-02-22,Organic,Organic_Direct,0.0,494,22724,0.0
2024-02-23,Google_Search,GSearch_Brand,1688.75,2739,38346,0.617
2024-02-23,Google_Search,GSearch_Generic,2211.07,1841,81004,1.201
2024-02-23,Google_Search,GSearch_Competitor,1908.77,3278,98340,0.582
2024-02-23,Meta_Facebook,FB_Retargeting,326.62,320,6080,1.021
2024-02-23,Meta_Facebook,FB_Lookalike,1578.83,691,24185,2.285
2024-02-23,Meta_Facebook,FB_Awareness,1879.09,1505,69230,1.249
2024-02-23,TikTok,TikTok_Video1,512.61,198,6732,2.589
2024-02-23,TikTok,TikTok_Promo,1080.15,583,19822,1.853
2024-02-23,LinkedIn,LinkedIn_B2B,1986.78,2337,35055,0.85
2024-02-23,LinkedIn,LinkedIn_Lead,1451.66,494,6422,2.939
2024-02-23,Email,Email_Welcome,74.42,68,952,1.094
2024-02-23,Email,Email_Promo,135.15,55,2640,2.457
2024-02-23,Email,Email_Retention,149.18,61,671,2.446
2024-02-23,Organic,Organic_SEO,0.0,451,17138,0.0
2024-02-23,Organic,Organic_Direct,0.0,232,10440,0.0
2024-02-24,Google_Search,GSearch_Brand,2852.86,1806,84882,1.58
2024-02-24,Google_Search,GSearch_Generic,2151.68,3012,147588,0.714
2024-02-24,Google_Search,GSearch_Competitor,1238.45,1109,15526,1.117
2024-02-24,Meta_Facebook,FB_Retargeting,439.46,496,24800,0.886
2024-02-24,Meta_Facebook,FB_Lookalike,562.27,381,12573,1.476
2024-02-24,Meta_Facebook,FB_Awareness,481.14,937,27173,0.513
2024-02-24,TikTok,TikTok_Video1,778.16,323,5168,2.409
2024-02-24,TikTok,TikTok_Promo,372.26,384,14592,0.969
2024-02-24,LinkedIn,LinkedIn_B2B,1569.67,881,14096,1.782
2024-02-24,LinkedIn,LinkedIn_Lead,455.15,328,4920,1.388
2024-02-24,Email,Email_Welcome,199.23,80,2720,2.49
2024-02-24,Email,Email_Promo,53.09,34,510,1.561
2024-02-24,Email,Email_Retention,231.21,121,3025,1.911
2024-02-24,Organic,Organic_SEO,0.0,136,4624,0.0
2024-02-24,Organic,Organic_Direct,0.0,187,5423,0.0
2024-02-25,Google_Search,GSearch_Brand,1171.02,1354,27080,0.865
2024-02-25,Google_Search,GSearch_Generic,1586.69,1021,40840,1.554
2024-02-25,Google_Search,GSearch_Competitor,2456.67,1751,43775,1.403
2024-02-25,Meta_Facebook,FB_Retargeting,1525.53,876,42924,1.741
2024-02-25,Meta_Facebook,FB_Lookalike,632.43,824,23896,0.768
2024-02-25,Meta_Facebook,FB_Awareness,311.5,209,10241,1.49
2024-02-25,TikTok,TikTok_Video1,693.86,261,9918,2.658
2024-02-25,TikTok,TikTok_Promo,635.16,250,12000,2.541
2024-02-25,LinkedIn,LinkedIn_B2B,685.86,526,11572,1.304
2024-02-25,LinkedIn,LinkedIn_Lead,1405.92,1489,52115,0.944
2024-02-25,Email,Email_Welcome,292.18,237,11850,1.233
2024-02-25,Email,Email_Promo,172.75,89,2225,1.941
2024-02-25,Email,Email_Retention,131.47,109,3815,1.206
2024-02-25,Organic,Organic_SEO,0.0,338,7436,0.0
2024-02-25,Organic,Organic_Direct,0.0,329,6909,0.0
2024-02-26,Google_Search,GSearch_Brand,2204.28,1175,45825,1.876
2024-02-26,Google_Search,GSearch_Generic,2857.44,2790,78120,1.024
2024-02-26,Google_Search,GSearch_Competitor,2578.2,3831,137916,0.673
2024-02-26,Meta_Facebook,FB_Retargeting,1444.06,1703,49387,0.848
2024-02-26,Meta_Facebook,FB_Lookalike,711.44,331,12247,2.149
2024-02-26,Meta_Facebook,FB_Awareness,1641.43,2396,115008,0.685
2024-02-26,TikTok,TikTok_Video1,823.01,547,22974,1.505
2024-02-26,TikTok,TikTok_Promo,1400.54,523,18828,2.678
2024-02-26,LinkedIn,LinkedIn_B2B,1541.65,622,20526,2.479
2024-02-26,LinkedIn,LinkedIn_Lead,1873.43,740,35520,2.532
2024-02-26,Email,Email_Welcome,209.55,294,7350,0.713
2024-02-26,Email,Email_Promo,214.4,154,7546,1.392
2024-02-26,Email,Email_Retention,61.07,20,700,3.054
2024-02-26,Organic,Organic_SEO,0.0,219,8103,0.0
2024-02-26,Organic,Organic_Direct,0.0,100,2600,0.0
2024-02-27,Google_Search,GSearch_Brand,1055.0,445,20025,2.371
2024-02-27,Google_Search,GSearch_Generic,1951.3,1006,38228,1.94
2024-02-27,Google_Search,GSearch_Competitor,1435.3,865,40655,1.659
2024-02-27,Meta_Facebook,FB_Retargeting,1473.74,1680,18480,0.877
2024-02-27,Meta_Facebook,FB_Lookalike,1120.71,904,13560,1.24
2024-02-27,Meta_Facebook,FB_Awareness,497.32,174,3306,2.858
2024-02-27,TikTok,TikTok_Video1,652.83,480,11040,1.36
2024-02-27,TikTok,TikTok_Promo,877.45,640,10240,1.371
2024-02-27,LinkedIn,LinkedIn_B2B,1320.15,588,17640,2.245
2024-02-27,LinkedIn,LinkedIn_Lead,541.07,884,15028,0.612
2024-02-27,Email,Email_Welcome,55.65,40,640,1.391
2024-02-27,Email,Email_Promo,219.28,240,6000,0.914
2024-02-27,Email,Email_Retention,179.0,95,2945,1.884
2024-02-27,Organic,Organic_SEO,0.0,286,6864,0.0
2024-02-27,Organic,Organic_Direct,0.0,372,7812,0.0
2024-02-28,Google_Search,GSearch_Brand,965.97,450,15750,2.147
2024-02-28,Google_Search,GSearch_Generic,572.98,281,6182,2.039
2024-02-28,Google_Search,GSearch_Competitor,1623.94,1031,10310,1.575
2024-02-28,Meta_Facebook,FB_Retargeting,1498.05,1476,20664,1.015
2024-02-28,Meta_Facebook,FB_Lookalike,1281.49,512,22528,2.503
2024-02-28,Meta_Facebook,FB_Awareness,617.83,469,18291,1.317
2024-02-28,TikTok,TikTok_Video1,348.14,159,6519,2.19
2024-02-28,TikTok,TikTok_Promo,886.03,422,20256,2.1
2024-02-28,LinkedIn,LinkedIn_B2B,1216.14,820,13940,1.483
2024-02-28,LinkedIn,LinkedIn_Lead,1130.64,432,21168,2.617
2024-02-28,Email,Email_Welcome,93.13,42,1218,2.217
2024-02-28,Email,Email_Promo,279.67,141,2538,1.983
2024-02-28,Email,Email_Retention,128.3,117,1989,1.097
2024-02-28,Organic,Organic_SEO,0.0,405,7695,0.0
2024-02-28,Organic,Organic_Direct,0.0,264,12672,0.0
2024-02-29,Google_Search,GSearch_Brand,844.67,578,12138,1.461
2024-02-29,Google_Search,GSearch_Generic,1716.68,931,19551,1.844
2024-02-29,Google_Search,GSearch_Competitor,1887.28,1094,19692,1.725
2024-02-29,Meta_Facebook,FB_Retargeting,618.07,237,11613,2.608
2024-02-29,Meta_Facebook,FB_Lookalike,391.14,279,2790,1.402
2024-02-29,Meta_Facebook,FB_Awareness,1123.84,1137,38658,0.988
2024-02-29,TikTok,TikTok_Video1,1452.98,823,33743,1.765
2024-02-29,TikTok,TikTok_Promo,731.87,423,16074,1.73
2024-02-29,LinkedIn,LinkedIn_B2B,1426.27,2018,22198,0.707
2024-02-29,LinkedIn,LinkedIn_Lead,2071.35,1970,23640,1.051
2024-02-29,Email,Email_Welcome,118.71,64,1280,1.855
2024-02-29,Email,Email_Promo,245.19,128,5248,1.916
2024-02-29,Email,Email_Retention,187.43,239,4063,0.784
2024-02-29,Organic,Organic_SEO,0.0,328,10824,0.0
2024-02-29,Organic,Organic_Direct,0.0,437,5244,0.0
2024-03-01,Google_Search,GSearch_Brand,2400.01,1496,34408,1.604
2024-03-01,Google_Search,GSearch_Generic,2974.44,3934,98350,0.756
2024-03-01,Google_Search,GSearch_Competitor,1244.27,414,15732,3.005
2024-03-01,Meta_Facebook,FB_Retargeting,746.79,281,4215,2.658
2024-03-01,Meta_Facebook,FB_Lookalike,1046.42,350,8750,2.99
2024-03-01,Meta_Facebook,FB_Awareness,656.79,280,8960,2.346
2024-03-01,TikTok,TikTok_Video1,1319.36,651,24087,2.027
2024-03-01,TikTok,TikTok_Promo,415.78,490,11270,0.849
2024-03-01,LinkedIn,LinkedIn_B2B,2108.41,838,38548,2.516
2024-03-01,LinkedIn,LinkedIn_Lead,1136.71,945,41580,1.203
2024-03-01,Email,Email_Welcome,92.09,31,868,2.971
2024-03-01,Email,Email_Promo,122.33,104,4368,1.176
2024-03-01,Email,Email_Retention,296.37,134,2144,2.212
2024-03-01,Organic,Organic_SEO,0.0,434,15624,0.0
2024-03-01,Organic,Organic_Direct,0.0,191,3438,0.0
2024-03-02,Google_Search,GSearch_Brand,2253.57,2709,51471,0.832
2024-03-02,Google_Search,GSearch_Generic,2278.49,886,31010,2.572
2024-03-02,Google_Search,GSearch_Competitor,1723.65,886,23922,1.945
2024-03-02,Meta_Facebook,FB_Retargeting,1367.28,950,13300,1.439
2024-03-02,Meta_Facebook,FB_Lookalike,1377.17,510,7650,2.7
2024-03-02,Meta_Facebook,FB_Awareness,984.85,414,13662,2.379
2024-03-02,TikTok,TikTok_Video1,791.1,459,21573,1.724
2024-03-02,TikTok,TikTok_Promo,203.22,83,1245,2.448
2024-03-02,LinkedIn,LinkedIn_B2B,1934.96,1175,37600,1.647
2024-03-02,LinkedIn,LinkedIn_Lead,2185.22,877,30695,2.492
2024-03-02,Email,Email_Welcome,104.46,66,1518,1.583
2024-03-02,Email,Email_Promo,173.68,132,3696,1.316
2024-03-02,Email,Email_Retention,134.44,69,3174,1.948
2024-03-02,Organic,Organic_SEO,0.0,453,14043,0.0
2024-03-02,Organic,Organic_Direct,0.0,440,5720,0.0
2024-03-03,Google_Search,GSearch_Brand,614.86,297,11583,2.07
2024-03-03,Google_Search,GSearch_Generic,540.7,191,3820,2.831
2024-03-03,Google_Search,GSearch_Competitor,1603.21,3195,118215,0.502
2024-03-03,Meta_Facebook,FB_Retargeting,643.94,289,5202,2.228
2024-03-03,Meta_Facebook,FB_Lookalike,1799.65,1434,38718,1.255
2024-03-03,Meta_Facebook,FB_Awareness,458.68,327,4905,1.403
2024-03-03,TikTok,TikTok_Video1,683.4,247,4940,2.767
2024-03-03,TikTok,TikTok_Promo,267.32,129,3096,2.072
2024-03-03,LinkedIn,LinkedIn_B2B,1301.38,1787,28592,0.728
2024-03-03,LinkedIn,LinkedIn_Lead,402.28,237,4266,1.697
2024-03-03,Email,Email_Welcome,198.42,110,4180,1.804
2024-03-03,Email,Email_Promo,52.32,23,391,2.275
2024-03-03,Email,Email_Retention,297.04,190,3420,1.563
2024-03-03,Organic,Organic_SEO,0.0,167,5678,0.0
2024-03-03,Organic,Organic_Direct,0.0,462,7392,0.0
2024-03-04,Google_Search,GSearch_Brand,758.0,534,15486,1.419
2024-03-04,Google_Search,GSearch_Generic,842.82,346,6228,2.436
2024-03-04,Google_Search,GSearch_Competitor,2103.94,959,13426,2.194
2024-03-04,Meta_Facebook,FB_Retargeting,1201.86,2306,46120,0.521
2024-03-04,Meta_Facebook,FB_Lookalike,1048.17,454,22700,2.309
2024-03-04,Meta_Facebook,FB_Awareness,1572.06,561,27489,2.802
2024-03-04,TikTok,TikTok_Video1,1092.54,412,6180,2.652
2024-03-04,TikTok,TikTok_Promo,1365.57,1606,27302,0.85
2024-03-04,LinkedIn,LinkedIn_B2B,1638.11,1121,41477,1.461
2024-03-04,LinkedIn,LinkedIn_Lead,1060.46,1248,33696,0.85
2024-03-04,Email,Email_Welcome,211.16,188,9024,1.123
2024-03-04,Email,Email_Promo,200.0,99,1089,2.02
2024-03-04,Email,Email_Retention,261.97,122,3538,2.147
2024-03-04,Organic,Organic_SEO,0.0,360,15120,0.0
2024-03-04,Organic,Organic_Direct,0.0,250,7000,0.0
2024-03-05,Google_Search,GSearch_Brand,2115.42,860,21500,2.46
2024-03-05,Google_Search,GSearch_Generic,1737.22,2221,91061,0.782
2024-03-05,Google_Search,GSearch_Competitor,2095.21,3092,30920,0.678
2024-03-05,Meta_Facebook,FB_Retargeting,1977.7,697,12546,2.837
2024-03-05,Meta_Facebook,FB_Lookalike,957.63,368,13248,2.602
2024-03-05,Meta_Facebook,FB_Awareness,921.2,417,16680,2.209
2024-03-05,TikTok,TikTok_Video1,1440.79,593,6523,2.43
2024-03-05,TikTok,TikTok_Promo,963.57,1802,41446,0.535
2024-03-05,LinkedIn,LinkedIn_B2B,483.64,742,25970,0.652
2024-03-05,LinkedIn,LinkedIn_Lead,1463.88,706,29652,2.073
2024-03-05,Email,Email_Welcome,241.78,155,5425,1.56
2024-03-05,Email,Email_Promo,70.61,38,1862,1.858
2024-03-05,Email,Email_Retention,88.17,124,1860,0.711
2024-03-05,Organic,Organic_SEO,0.0,154,2926,0.0
2024-03-05,Organic,Organic_Direct,0.0,250,11750,0.0
2024-03-06,Google_Search,GSearch_Brand,2085.74,806,11284,2.588
2024-03-06,Google_Search,GSearch_Generic,1275.42,800,20000,1.594
2024-03-06,Google_Search,GSearch_Competitor,644.76,901,33337,0.716
2024-03-06,Meta_Facebook,FB_Retargeting,497.18,244,3172,2.038
2024-03-06,Meta_Facebook,FB_Lookalike,825.79,350,7350,2.359
2024-03-06,Meta_Facebook,FB_Awareness,503.05,221,2210,2.276
2024-03-06,TikTok,TikTok_Video1,412.98,143,6149,2.888
2024-03-06,TikTok,TikTok_Promo,872.39,341,8866,2.558
2024-03-06,LinkedIn,LinkedIn_B2B,750.62,918,24786,0.818
2024-03-06,LinkedIn,LinkedIn_Lead,1939.17,2438,26818,0.795
2024-03-06,Email,Email_Welcome,133.75,85,3655,1.574
2024-03-06,Email,Email_Promo,65.97,28,1288,2.356
2024-03-06,Email,Email_Retention,206.88,118,4956,1.753
2024-03-06,Organic,Organic_SEO,0.0,305,14030,0.0
2024-03-06,Organic,Organic_Direct,0.0,130,3380,0.0
2024-03-07,Google_Search,GSearch_Brand,2433.32,889,15113,2.737
2024-03-07,Google_Search,GSearch_Generic,1071.01,604,7248,1.773
2024-03-07,Google_Search,GSearch_Competitor,2646.72,4987,59844,0.531
2024-03-07,Meta_Facebook,FB_Retargeting,1102.0,756,14364,1.458
2024-03-07,Meta_Facebook,FB_Lookalike,604.23,208,2496,2.905
2024-03-07,Meta_Facebook,FB_Awareness,1239.87,445,16020,2.786
2024-03-07,TikTok,TikTok_Video1,491.87,438,13140,1.123
2024-03-07,TikTok,TikTok_Promo,552.64,795,26235,0.695
2024-03-07,LinkedIn,LinkedIn_B2B,650.74,298,3874,2.184
2024-03-07,LinkedIn,LinkedIn_Lead,776.62,309,3708,2.513
2024-03-07,Email,Email_Welcome,288.52,429,16731,0.673
2024-03-07,Email,Email_Promo,266.51,109,3161,2.445
2024-03-07,Email,Email_Retention,131.83,70,700,1.883
2024-03-07,Organic,Organic_SEO,0.0,199,9154,0.0
2024-03-07,Organic,Organic_Direct,0.0,428,20972,0.0
2024-03-08,Google_Search,GSearch_Brand,1106.46,778,31898,1.422
2024-03-08,Google_Search,GSearch_Generic,2994.47,1227,53988,2.44
2024-03-08,Google_Search,GSearch_Competitor,2401.21,2157,21570,1.113
2024-03-08,Meta_Facebook,FB_Retargeting,1885.08,3367,148148,0.56
2024-03-08,Meta_Facebook,FB_Lookalike,888.92,342,3420,2.599
2024-03-08,Meta_Facebook,FB_Awareness,1916.68,3805,129370,0.504
2024-03-08,TikTok,TikTok_Video1,1303.71,562,8992,2.32
2024-03-08,TikTok,TikTok_Promo,466.75,157,5652,2.973
2024-03-08,LinkedIn,LinkedIn_B2B,1433.26,2205,41895,0.65
2024-03-08,LinkedIn,LinkedIn_Lead,1894.47,2586,62064,0.733
2024-03-08,Email,Email_Welcome,274.32,152,5016,1.805
2024-03-08,Email,Email_Promo,164.61,69,3243,2.386
2024-03-08,Email,Email_Retention,73.89,88,3080,0.84
2024-03-08,Organic,Organic_SEO,0.0,340,4420,0.0
2024-03-08,Organic,Organic_Direct,0.0,116,2900,0.0
2024-03-09,Google_Search,GSearch_Brand,1229.19,467,16345,2.632
2024-03-09,Google_Search,GSearch_Generic,2251.81,962,28860,2.341
2024-03-09,Google_Search,GSearch_Competitor,1631.89,1505,33110,1.084
2024-03-09,Meta_Facebook,FB_Retargeting,531.39,219,3504,2.426
2024-03-09,Meta_Facebook,FB_Lookalike,564.2,619,24141,0.911
2024-03-09,Meta_Facebook,FB_Awareness,833.86,1039,33248,0.803
2024-03-09,TikTok,TikTok_Video1,1454.03,1426,41354,1.02
2024-03-09,TikTok,TikTok_Promo,802.35,304,4560,2.639
2024-03-09,LinkedIn,LinkedIn_B2B,730.99,329,15792,2.222
2024-03-09,LinkedIn,LinkedIn_Lead,484.69,187,5610,2.592
2024-03-09,Email,Email_Welcome,87.08,38,1216,2.292
2024-03-09,Email,Email_Promo,149.06,239,6931,0.624
2024-03-09,Email,Email_Retention,115.04,38,418,3.027
2024-03-09,Organic,Organic_SEO,0.0,487,18506,0.0
2024-03-09,Organic,Organic_Direct,0.0,331,8275,0.0
2024-03-10,Google_Search,GSearch_Brand,736.81,976,17568,0.755
2024-03-10,Google_Search,GSearch_Generic,803.63,1228,29472,0.654
2024-03-10,Google_Search,GSearch_Competitor,826.79,323,10659,2.56
2024-03-10,Meta_Facebook,FB_Retargeting,1466.68,515,7725,2.848
2024-03-10,Meta_Facebook,FB_Lookalike,1289.95,1124,15736,1.148
2024-03-10,Meta_Facebook,FB_Awareness,337.06,509,19342,0.662
2024-03-10,TikTok,TikTok_Video1,1252.09,1715,53165,0.73
2024-03-10,TikTok,TikTok_Promo,359.29,125,1625,2.874
2024-03-10,LinkedIn,LinkedIn_B2B,752.78,389,13615,1.935
2024-03-10,LinkedIn,LinkedIn_Lead,1441.87,989,36593,1.458
2024-03-10,Email,Email_Welcome,93.2,89,1869,1.047
2024-03-10,Email,Email_Promo,118.75,73,1387,1.627
2024-03-10,Email,Email_Retention,58.66,28,700,2.095
2024-03-10,Organic,Organic_SEO,0.0,305,10980,0.0
2024-03-10,Organic,Organic_Direct,0.0,295,3835,0.0
2024-03-11,Google_Search,GSearch_Brand,719.3,493,17748,1.459
2024-03-11,Google_Search,GSearch_Generic,998.64,368,15824,2.714
2024-03-11,Google_Search,GSearch_Competitor,1122.87,376,16544,2.986
2024-03-11,Meta_Facebook,FB_Retargeting,1651.24,555,17760,2.975
2024-03-11,Meta_Facebook,FB_Lookalike,1115.46,454,14528,2.457
2024-03-11,Meta_Facebook,FB_Awareness,1851.55,1054,35836,1.757
2024-03-11,TikTok,TikTok_Video1,551.57,975,46800,0.566
2024-03-11,TikTok,TikTok_Promo,484.73,176,4752,2.754
2024-03-11,LinkedIn,LinkedIn_B2B,523.04,175,7525,2.989
2024-03-11,LinkedIn,LinkedIn_Lead,1150.61,587,14088,1.96
2024-03-11,Email,Email_Welcome,293.49,391,9775,0.751
2024-03-11,Email,Email_Promo,116.63,45,585,2.592
2024-03-11,Email,Email_Retention,241.01,83,3818,2.904
2024-03-11,Organic,Organic_SEO,0.0,458,15572,0.0
2024-03-11,Organic,Organic_Direct,0.0,479,10059,0.0
2024-03-12,Google_Search,GSearch_Brand,940.25,474,15168,1.984
2024-03-12,Google_Search,GSearch_Generic,2784.95,4881,156192,0.571
2024-03-12,Google_Search,GSearch_Competitor,2868.9,1502,69092,1.91
2024-03-12,Meta_Facebook,FB_Retargeting,1912.23,737,30217,2.595
2024-03-12,Meta_Facebook,FB_Lookalike,1221.61,1301,15612,0.939
2024-03-12,Meta_Facebook,FB_Awareness,453.44,419,10056,1.082
2024-03-12,TikTok,TikTok_Video1,225.91,133,4123,1.699
2024-03-12,TikTok,TikTok_Promo,1393.27,1388,24984,1.004
2024-03-12,LinkedIn,LinkedIn_B2B,1115.59,1182,35460,0.944
2024-03-12,LinkedIn,LinkedIn_Lead,525.07,604,11476,0.869
2024-03-12,Email,Email_Welcome,243.59,93,3069,2.619
2024-03-12,Email,Email_Promo,290.14,202,7070,1.436
2024-03-12,Email,Email_Retention,196.5,146,4380,1.346
2024-03-12,Organic,Organic_SEO,0.0,130,4810,0.0
2024-03-12,Organic,Organic_Direct,0.0,299,8970,0.0
2024-03-13,Google_Search,GSearch_Brand,935.51,320,15680,2.923
2024-03-13,Google_Search,GSearch_Generic,2467.48,2332,109604,1.058
2024-03-13,Google_Search,GSearch_Competitor,2536.14,1753,49084,1.447
2024-03-13,Meta_Facebook,FB_Retargeting,516.49,222,10212,2.327
2024-03-13,Meta_Facebook,FB_Lookalike,965.72,323,14858,2.99
2024-03-13,Meta_Facebook,FB_Awareness,355.05,176,8624,2.017
2024-03-13,TikTok,TikTok_Video1,487.16,254,10414,1.918
2024-03-13,TikTok,TikTok_Promo,382.84,161,4025,2.378
2024-03-13,LinkedIn,LinkedIn_B2B,1128.3,868,43400,1.3
2024-03-13,LinkedIn,LinkedIn_Lead,2259.17,3129,156450,0.722
2024-03-13,Email,Email_Welcome,232.32,173,1730,1.343
2024-03-13,Email,Email_Promo,116.3,103,1442,1.129
2024-03-13,Email,Email_Retention,137.62,55,550,2.502
2024-03-13,Organic,Organic_SEO,0.0,274,9864,0.0
2024-03-13,Organic,Organic_Direct,0.0,261,10701,0.0
2024-03-14,Google_Search,GSearch_Brand,2704.43,1962,66708,1.378
2024-03-14,Google_Search,GSearch_Generic,753.57,443,20378,1.701
2024-03-14,Google_Search,GSearch_Competitor,2127.42,959,19180,2.218
2024-03-14,Meta_Facebook,FB_Retargeting,1067.19,427,5124,2.499
2024-03-14,Meta_Facebook,FB_Lookalike,801.34,617,9872,1.299
2024-03-14,Meta_Facebook,FB_Awareness,426.14,460,15640,0.926
2024-03-14,TikTok,TikTok_Video1,409.18,595,8925,0.688
2024-03-14,TikTok,TikTok_Promo,639.34,215,8600,2.974
2024-03-14,LinkedIn,LinkedIn_B2B,1879.46,1190,23800,1.579
2024-03-14,LinkedIn,LinkedIn_Lead,1675.37,1056,13728,1.587
2024-03-14,Email,Email_Welcome,75.31,74,1628,1.018
2024-03-14,Email,Email_Promo,152.32,80,3520,1.904
2024-03-14,Email,Email_Retention,116.32,96,2400,1.212
2024-03-14,Organic,Organic_SEO,0.0,251,11546,0.0
2024-03-14,Organic,Organic_Direct,0.0,301,5719,0.0
2024-03-15,Google_Search,GSearch_Brand,636.26,1248,18720,0.51
2024-03-15,Google_Search,GSearch_Generic,1236.37,573,27504,2.158
2024-03-15,Google_Search,GSearch_Competitor,1700.82,2290,52670,0.743
2024-03-15,Meta_Facebook,FB_Retargeting,590.41,480,7200,1.23
2024-03-15,Meta_Facebook,FB_Lookalike,1105.07,1400,49000,0.789
2024-03-15,Meta_Facebook,FB_Awareness,1100.61,402,10452,2.738
2024-03-15,TikTok,TikTok_Video1,318.48,171,3591,1.862
2024-03-15,TikTok,TikTok_Promo,682.33,469,9849,1.455
2024-03-15,LinkedIn,LinkedIn_B2B,1336.13,1153,44967,1.159
2024-03-15,LinkedIn,LinkedIn_Lead,953.14,367,16882,2.597
2024-03-15,Email,Email_Welcome,65.41,27,432,2.423
2024-03-15,Email,Email_Promo,71.43,52,2288,1.374
2024-03-15,Email,Email_Retention,153.5,64,1536,2.398
2024-03-15,Organic,Organic_SEO,0.0,480,16320,0.0
2024-03-15,Organic,Organic_Direct,0.0,264,11616,0.0
2024-03-16,Google_Search,GSearch_Brand,2217.67,780,35880,2.843
2024-03-16,Google_Search,GSearch_Generic,2704.13,1599,23985,1.691
2024-03-16,Google_Search,GSearch_Competitor,1487.01,564,6768,2.637
2024-03-16,Meta_Facebook,FB_Retargeting,1153.57,419,19274,2.753
2024-03-16,Meta_Facebook,FB_Lookalike,1451.81,707,12019,2.053
2024-03-16,Meta_Facebook,FB_Awareness,1913.73,1179,23580,1.623
2024-03-16,TikTok,TikTok_Video1,1463.81,580,10440,2.524
2024-03-16,TikTok,TikTok_Promo,255.48,367,13579,0.696
2024-03-16,LinkedIn,LinkedIn_B2B,824.03,322,6118,2.559
2024-03-16,LinkedIn,LinkedIn_Lead,2151.63,1879,26306,1.145
2024-03-16,Email,Email_Welcome,71.76,37,1665,1.939
2024-03-16,Email,Email_Promo,131.53,110,4290,1.196
2024-03-16,Email,Email_Retention,279.29,526,25774,0.531
2024-03-16,Organic,Organic_SEO,0.0,450,16200,0.0
2024-03-16,Organic,Organic_Direct,0.0,126,2394,0.0
2024-03-17,Google_Search,GSearch_Brand,1916.48,979,15664,1.958
2024-03-17,Google_Search,GSearch_Generic,2812.32,1474,23584,1.908
2024-03-17,Google_Search,GSearch_Competitor,2464.36,923,29536,2.67
2024-03-17,Meta_Facebook,FB_Retargeting,1792.42,1544,63304,1.161
2024-03-17,Meta_Facebook,FB_Lookalike,1272.44,756,15876,1.683
2024-03-17,Meta_Facebook,FB_Awareness,768.2,893,42864,0.86
2024-03-17,TikTok,TikTok_Video1,1085.06,721,25235,1.505
2024-03-17,TikTok,TikTok_Promo,1356.45,1020,25500,1.33
2024-03-17,LinkedIn,LinkedIn_B2B,503.51,298,8046,1.69
2024-03-17,LinkedIn,LinkedIn_Lead,2283.77,4147,120263,0.551
2024-03-17,Email,Email_Welcome,127.74,48,768,2.661
2024-03-17,Email,Email_Promo,293.12,273,7917,1.074
2024-03-17,Email,Email_Retention,293.55,182,5460,1.613
2024-03-17,Organic,Organic_SEO,0.0,263,12624,0.0
2024-03-17,Organic,Organic_Direct,0.0,146,5548,0.0
2024-03-18,Google_Search,GSearch_Brand,1028.48,401,16441,2.565
2024-03-18,Google_Search,GSearch_Generic,2398.73,899,11687,2.668
2024-03-18,Google_Search,GSearch_Competitor,1788.17,1992,57768,0.898
2024-03-18,Meta_Facebook,FB_Retargeting,1506.27,998,42914,1.509
2024-03-18,Meta_Facebook,FB_Lookalike,1794.87,3135,68970,0.573
2024-03-18,Meta_Facebook,FB_Awareness,1787.81,1784,23192,1.002
2024-03-18,TikTok,TikTok_Video1,524.34,319,10527,1.644
2024-03-18,TikTok,TikTok_Promo,1116.02,941,36699,1.186
2024-03-18,LinkedIn,LinkedIn_B2B,1460.77,699,11883,2.09
2024-03-18,LinkedIn,LinkedIn_Lead,1830.47,1656,67896,1.105
2024-03-18,Email,Email_Welcome,198.51,210,8400,0.945
2024-03-18,Email,Email_Promo,196.72,143,2860,1.376
2024-03-18,Email,Email_Retention,259.41,226,3390,1.148
2024-03-18,Organic,Organic_SEO,0.0,247,3211,0.0
2024-03-18,Organic,Organic_Direct,0.0,342,7866,0.0
2024-03-19,Google_Search,GSearch_Brand,2642.78,1247,28681,2.119
2024-03-19,Google_Search,GSearch_Generic,1172.71,769,8459,1.525
2024-03-19,Google_Search,GSearch_Competitor,2661.57,912,9120,2.918
2024-03-19,Meta_Facebook,FB_Retargeting,1105.97,1331,27951,0.831
2024-03-19,Meta_Facebook,FB_Lookalike,1321.94,2536,65936,0.521
2024-03-19,Meta_Facebook,FB_Awareness,1334.18,466,12582,2.863
2024-03-19,TikTok,TikTok_Video1,750.95,521,16672,1.441
2024-03-19,TikTok,TikTok_Promo,796.7,762,22098,1.046
2024-03-19,LinkedIn,LinkedIn_B2B,1822.11,711,24885,2.563
2024-03-19,LinkedIn,LinkedIn_Lead,1627.42,3139,103587,0.518
2024-03-19,Email,Email_Welcome,190.36,95,2660,2.004
2024-03-19,Email,Email_Promo,124.62,161,2254,0.774
2024-03-19,Email,Email_Retention,134.07,112,3360,1.197
2024-03-19,Organic,Organic_SEO,0.0,183,5307,0.0
2024-03-19,Organic,Organic_Direct,0.0,314,7850,0.0
2024-03-20,Google_Search,GSearch_Brand,2749.22,1093,52464,2.515
2024-03-20,Google_Search,GSearch_Generic,1510.25,1162,20916,1.3
2024-03-20,Google_Search,GSearch_Competitor,2303.21,1077,30156,2.139
2024-03-20,Meta_Facebook,FB_Retargeting,741.02,479,16286,1.547
2024-03-20,Meta_Facebook,FB_Lookalike,1552.44,793,36478,1.958
2024-03-20,Meta_Facebook,FB_Awareness,1687.22,1242,29808,1.358
2024-03-20,TikTok,TikTok_Video1,1092.21,521,20840,2.096
2024-03-20,TikTok,TikTok_Promo,1378.48,632,26544,2.181
2024-03-20,LinkedIn,LinkedIn_B2B,1030.41,1113,50085,0.926
2024-03-20,LinkedIn,LinkedIn_Lead,780.39,1048,18864,0.745
2024-03-20,Email,Email_Welcome,235.23,101,4545,2.329
2024-03-20,Email,Email_Promo,240.73,251,7781,0.959
2024-03-20,Email,Email_Retention,213.61,202,4848,1.057
2024-03-20,Organic,Organic_SEO,0.0,207,7452,0.0
2024-03-20,Organic,Organic_Direct,0.0,219,7227,0.0
2024-03-21,Google_Search,GSearch_Brand,1151.4,932,15844,1.235
2024-03-21,Google_Search,GSearch_Generic,1676.34,628,29516,2.669
2024-03-21,Google_Search,GSearch_Competitor,1950.78,950,38000,2.053
2024-03-21,Meta_Facebook,FB_Retargeting,1812.02,1034,35156,1.752
2024-03-21,Meta_Facebook,FB_Lookalike,1200.73,783,14877,1.533
2024-03-21,Meta_Facebook,FB_Awareness,533.52,533,19188,1.001
2024-03-21,TikTok,TikTok_Video1,1483.35,542,21138,2.737
2024-03-21,TikTok,TikTok_Promo,386.19,145,3045,2.663
2024-03-21,LinkedIn,LinkedIn_B2B,2035.78,1184,59200,1.719
2024-03-21,LinkedIn,LinkedIn_Lead,2471.94,1925,25025,1.284
2024-03-21,Email,Email_Welcome,51.18,43,860,1.19
2024-03-21,Email,Email_Promo,194.07,216,3240,0.898
2024-03-21,Email,Email_Retention,82.35,51,1887,1.615
2024-03-21,Organic,Organic_SEO,0.0,294,9996,0.0
2024-03-21,Organic,Organic_Direct,0.0,323,7106,0.0
2024-03-22,Google_Search,GSearch_Brand,2326.65,809,24270,2.876
2024-03-22,Google_Search,GSearch_Generic,2392.12,1308,14388,1.829
2024-03-22,Google_Search,GSearch_Competitor,2191.87,1060,26500,2.068
2024-03-22,Meta_Facebook,FB_Retargeting,684.65,254,7366,2.695
2024-03-22,Meta_Facebook,FB_Lookalike,519.18,355,16685,1.462
2024-03-22,Meta_Facebook,FB_Awareness,820.4,1236,14832,0.664
2024-03-22,TikTok,TikTok_Video1,587.66,478,20554,1.229
2024-03-22,TikTok,TikTok_Promo,975.28,725,13050,1.345
2024-03-22,LinkedIn,LinkedIn_B2B,1119.74,406,12992,2.758
2024-03-22,LinkedIn,LinkedIn_Lead,1975.24,2165,75775,0.912
2024-03-22,Email,Email_Welcome,54.78,51,918,1.074
2024-03-22,Email,Email_Promo,102.8,185,7770,0.556
2024-03-22,Email,Email_Retention,92.25,65,780,1.419
2024-03-22,Organic,Organic_SEO,0.0,377,9802,0.0
2024-03-22,Organic,Organic_Direct,0.0,369,4797,0.0
2024-03-23,Google_Search,GSearch_Brand,1984.81,3201,51216,0.62
2024-03-23,Google_Search,GSearch_Generic,2133.92,3884,66028,0.549
2024-03-23,Google_Search,GSearch_Competitor,1541.94,1062,47790,1.452
2024-03-23,Meta_Facebook,FB_Retargeting,729.66,323,7429,2.259
2024-03-23,Meta_Facebook,FB_Lookalike,1481.83,713,20677,2.078
2024-03-23,Meta_Facebook,FB_Awareness,1015.48,1349,58007,0.753
2024-03-23,TikTok,TikTok_Video1,550.97,273,4914,2.018
2024-03-23,TikTok,TikTok_Promo,744.47,271,11382,2.747
2024-03-23,LinkedIn,LinkedIn_B2B,1909.41,2403,40851,0.795
2024-03-23,LinkedIn,LinkedIn_Lead,2048.0,1174,56352,1.744
2024-03-23,Email,Email_Welcome,99.94,86,3698,1.162
2024-03-23,Email,Email_Promo,293.28,210,7560,1.397
2024-03-23,Email,Email_Retention,123.84,206,8446,0.601
2024-03-23,Organic,Organic_SEO,0.0,402,16080,0.0
2024-03-23,Organic,Organic_Direct,0.0,51,510,0.0
2024-03-24,Google_Search,GSearch_Brand,2179.08,787,36202,2.769
2024-03-24,Google_Search,GSearch_Generic,2172.55,2488,37320,0.873
2024-03-24,Google_Search,GSearch_Competitor,2448.82,3561,56976,0.688
2024-03-24,Meta_Facebook,FB_Retargeting,1838.12,870,33930,2.113
2024-03-24,Meta_Facebook,FB_Lookalike,1980.73,1597,62283,1.24
2024-03-24,Meta_Facebook,FB_Awareness,385.14,152,1824,2.534
2024-03-24,TikTok,TikTok_Video1,1307.92,933,27990,1.402
2024-03-24,TikTok,TikTok_Promo,753.79,954,11448,0.79
2024-03-24,LinkedIn,LinkedIn_B2B,420.31,496,9920,0.847
2024-03-24,LinkedIn,LinkedIn_Lead,1090.19,398,19502,2.739
2024-03-24,Email,Email_Welcome,117.08,50,1650,2.342
2024-03-24,Email,Email_Promo,253.74,265,9275,0.958
2024-03-24,Email,Email_Retention,150.06,91,3094,1.649
2024-03-24,Organic,Organic_SEO,0.0,294,10584,0.0
2024-03-24,Organic,Organic_Direct,0.0,458,9160,0.0
2024-03-25,Google_Search,GSearch_Brand,782.64,349,4537,2.243
2024-03-25,Google_Search,GSearch_Generic,2953.92,1131,18096,2.612
2024-03-25,Google_Search,GSearch_Competitor,1540.07,779,35834,1.977
2024-03-25,Meta_Facebook,FB_Retargeting,1453.27,1524,51816,0.954
2024-03-25,Meta_Facebook,FB_Lookalike,1624.58,800,14400,2.031
2024-03-25,Meta_Facebook,FB_Awareness,1121.24,651,23436,1.722
2024-03-25,TikTok,TikTok_Video1,772.89,1173,35190,0.659
2024-03-25,TikTok,TikTok_Promo,216.07,80,3440,2.701
2024-03-25,LinkedIn,LinkedIn_B2B,2011.81,1036,47656,1.942
2024-03-25,LinkedIn,LinkedIn_Lead,870.37,301,9331,2.892
2024-03-25,Email,Email_Welcome,179.77,80,3920,2.247
2024-03-25,Email,Email_Promo,73.81,34,850,2.171
2024-03-25,Email,Email_Retention,170.48,78,2652,2.186
2024-03-25,Organic,Organic_SEO,0.0,473,21285,0.0
2024-03-25,Organic,Organic_Direct,0.0,363,4719,0.0
2024-03-26,Google_Search,GSearch_Brand,529.11,186,7812,2.845
2024-03-26,Google_Search,GSearch_Generic,2622.11,997,19940,2.63
2024-03-26,Google_Search,GSearch_Competitor,687.16,397,9925,1.731
2024-03-26,Meta_Facebook,FB_Retargeting,862.52,721,30282,1.196
2024-03-26,Meta_Facebook,FB_Lookalike,678.6,321,11235,2.114
2024-03-26,Meta_Facebook,FB_Awareness,1689.08,2423,92074,0.697
2024-03-26,TikTok,TikTok_Video1,1241.64,766,31406,1.621
2024-03-26,TikTok,TikTok_Promo,781.19,980,40180,0.797
2024-03-26,LinkedIn,LinkedIn_B2B,1965.0,3609,126315,0.544
2024-03-26,LinkedIn,LinkedIn_Lead,1265.91,668,6680,1.895
2024-03-26,Email,Email_Welcome,256.48,103,5047,2.49
2024-03-26,Email,Email_Promo,209.38,76,3420,2.755
2024-03-26,Email,Email_Retention,101.71,46,1426,2.211
2024-03-26,Organic,Organic_SEO,0.0,77,1848,0.0
2024-03-26,Organic,Organic_Direct,0.0,219,9855,0.0
2024-03-27,Google_Search,GSearch_Brand,2418.54,1209,39897,2.0
2024-03-27,Google_Search,GSearch_Generic,2289.78,2916,69984,0.785
2024-03-27,Google_Search,GSearch_Competitor,505.49,364,18200,1.389
2024-03-27,Meta_Facebook,FB_Retargeting,1939.54,1576,67768,1.231
2024-03-27,Meta_Facebook,FB_Lookalike,935.61,1221,24420,0.766
2024-03-27,Meta_Facebook,FB_Awareness,1137.12,445,16020,2.555
2024-03-27,TikTok,TikTok_Video1,339.05,167,3674,2.03
2024-03-27,TikTok,TikTok_Promo,356.97,135,3105,2.644
2024-03-27,LinkedIn,LinkedIn_B2B,1359.8,554,17174,2.455
2024-03-27,LinkedIn,LinkedIn_Lead,626.31,407,20350,1.539
2024-03-27,Email,Email_Welcome,259.37,131,4978,1.98
2024-03-27,Email,Email_Promo,164.35,83,3486,1.98
2024-03-27,Email,Email_Retention,83.66,47,2021,1.78
2024-03-27,Organic,Organic_SEO,0.0,333,12321,0.0
2024-03-27,Organic,Organic_Direct,0.0,297,12474,0.0
2024-03-28,Google_Search,GSearch_Brand,2452.7,883,41501,2.778
2024-03-28,Google_Search,GSearch_Generic,934.13,368,5888,2.538
2024-03-28,Google_Search,GSearch_Competitor,1468.51,733,21990,2.003
2024-03-28,Meta_Facebook,FB_Retargeting,1156.99,791,37968,1.463
2024-03-28,Meta_Facebook,FB_Lookalike,1857.05,771,20817,2.409
2024-03-28,Meta_Facebook,FB_Awareness,976.38,719,20132,1.358
2024-03-28,TikTok,TikTok_Video1,788.7,946,34056,0.834
2024-03-28,TikTok,TikTok_Promo,983.28,362,15204,2.716
2024-03-28,LinkedIn,LinkedIn_B2B,1027.72,456,13680,2.254
2024-03-28,LinkedIn,LinkedIn_Lead,1894.94,667,33350,2.841
2024-03-28,Email,Email_Welcome,104.34,101,2828,1.033
2024-03-28,Email,Email_Promo,221.65,79,1422,2.806
2024-03-28,Email,Email_Retention,295.33,138,2898,2.14
2024-03-28,Organic,Organic_SEO,0.0,405,20250,0.0
2024-03-28,Organic,Organic_Direct,0.0,109,3488,0.0
2024-03-29,Google_Search,GSearch_Brand,1905.7,973,35028,1.959
2024-03-29,Google_Search,GSearch_Generic,2185.61,799,35156,2.735
2024-03-29,Google_Search,GSearch_Competitor,1214.82,463,4630,2.624
2024-03-29,Meta_Facebook,FB_Retargeting,1188.64,2110,40090,0.563
2024-03-29,Meta_Facebook,FB_Lookalike,390.21,608,16416,0.642
2024-03-29,Meta_Facebook,FB_Awareness,1575.31,1745,48860,0.903
2024-03-29,TikTok,TikTok_Video1,1088.41,1256,16328,0.867
2024-03-29,TikTok,TikTok_Promo,1097.77,886,38984,1.239
2024-03-29,LinkedIn,LinkedIn_B2B,467.84,184,2944,2.543
2024-03-29,LinkedIn,LinkedIn_Lead,1693.83,773,34785,2.191
2024-03-29,Email,Email_Welcome,266.21,112,5040,2.377
2024-03-29,Email,Email_Promo,147.22,82,2296,1.795
2024-03-29,Email,Email_Retention,223.23,361,12274,0.618
2024-03-29,Organic,Organic_SEO,0.0,453,13590,0.0
2024-03-29,Organic,Organic_Direct,0.0,77,770,0.0
2024-03-30,Google_Search,GSearch_Brand,2359.17,2341,88958,1.008
2024-03-30,Google_Search,GSearch_Generic,2574.96,926,30558,2.781
2024-03-30,Google_Search,GSearch_Competitor,2387.77,1279,61392,1.867
2024-03-30,Meta_Facebook,FB_Retargeting,634.0,274,6028,2.314
2024-03-30,Meta_Facebook,FB_Lookalike,800.1,847,11858,0.945
2024-03-30,Meta_Facebook,FB_Awareness,617.86,661,27762,0.935
2024-03-30,TikTok,TikTok_Video1,355.16,590,15930,0.602
2024-03-30,TikTok,TikTok_Promo,923.58,1119,52593,0.825
2024-03-30,LinkedIn,LinkedIn_B2B,2176.63,4233,165087,0.514
2024-03-30,LinkedIn,LinkedIn_Lead,1890.35,2131,40489,0.887
2024-03-30,Email,Email_Welcome,282.16,141,7050,2.001
2024-03-30,Email,Email_Promo,203.9,94,3854,2.169
2024-03-30,Email,Email_Retention,247.48,131,1834,1.889
2024-03-30,Organic,Organic_SEO,0.0,212,9116,0.0
2024-03-30,Organic,Organic_Direct,0.0,144,6192,0.0
