customer_id,conversion_date,revenue_usd,last_touch_channel,last_touch_campaign,product_purchased,country
USR_01556,2024-03-17,106.69,TikTok,TikTok_Video1,Basic Plan,USA
USR_01940,2024-02-04,202.25,Google_Search,GSearch_Brand,Basic Plan,UK
USR_00475,2024-03-25,406.54,Google_Search,GSearch_Brand,Pro Plan,UK
USR_01552,2024-01-15,122.89,Email,Email_Promo,Enterprise Plan,Canada
USR_01314,2024-02-07,22.03,TikTok,TikTok_Promo,Enterprise Plan,Germany
USR_00397,2024-02-26,356.95,Organic,Organic_Direct,Enterprise Plan,USA
USR_00011,2024-03-16,408.07,Email,Email_Welcome,Basic Plan,Canada
USR_00138,2024-03-18,102.99,Google_Search,GSearch_Competitor,Enterprise Plan,Germany
USR_00833,2024-02-20,405.81,Meta_Facebook,FB_Lookalike,Pro Plan,India
USR_00694,2024-02-01,433.5,Meta_Facebook,FB_Lookalike,One-Time Purchase,India
USR_01430,2024-03-01,458.93,Organic,Organic_Direct,Enterprise Plan,UK
USR_00538,2024-03-24,88.22,LinkedIn,LinkedIn_B2B,Pro Plan,Germany
USR_01723,2024-02-10,466.93,Google_Search,GSearch_Brand,Enterprise Plan,Germany
USR_01040,2024-02-05,296.85,Google_Search,GSearch_Generic,Basic Plan,Canada
USR_00933,2024-03-28,346.28,Google_Search,GSearch_Generic,Pro Plan,UK
USR_00804,2024-02-17,91.12,LinkedIn,LinkedIn_Lead,Basic Plan,UK
USR_00756,2024-02-10,477.07,Organic,Organic_Direct,Basic Plan,UK
USR_00919,2024-03-08,242.51,TikTok,TikTok_Video1,Basic Plan,USA
USR_01087,2024-03-18,338.51,TikTok,TikTok_Promo,Enterprise Plan,Australia
USR_00186,2024-02-11,416.43,Google_Search,GSearch_Brand,Basic Plan,Germany
USR_01963,2024-03-16,112.0,Google_Search,GSearch_Brand,Pro Plan,Australia
USR_01709,2024-01-30,103.01,Email,Email_Promo,Basic Plan,Canada
USR_00761,2024-01-21,369.06,Google_Search,GSearch_Competitor,Pro Plan,UK
USR_01509,2024-01-25,47.24,Email,Email_Welcome,Enterprise Plan,Canada
USR_01154,2024-03-02,293.07,Google_Search,GSearch_Brand,Pro Plan,USA
USR_00151,2024-02-24,353.71,LinkedIn,LinkedIn_B2B,Basic Plan,Germany
USR_00862,2024-01-08,444.12,Meta_Facebook,FB_Awareness,Basic Plan,India
USR_00801,2024-02-25,428.13,TikTok,TikTok_Video1,Enterprise Plan,USA
USR_01909,2024-01-12,76.26,Google_Search,GSearch_Competitor,Pro Plan,Canada
USR_01829,2024-01-13,397.62,LinkedIn,LinkedIn_B2B,Enterprise Plan,Germany
USR_01601,2024-01-22,215.96,Meta_Facebook,,One-Time Purchase,USA
USR_00724,2024-02-27,250.92,Google_Search,GSearch_Competitor,Basic Plan,India
USR_00688,2024-02-22,371.41,LinkedIn,LinkedIn_Lead,Basic Plan,Germany
USR_01303,2024-02-18,135.68,Google_Search,GSearch_Competitor,One-Time Purchase,UK
USR_01378,2024-02-02,297.57,TikTok,TikTok_Promo,One-Time Purchase,Australia
USR_01902,2024-02-09,306.86,Meta_Facebook,FB_Lookalike,Enterprise Plan,Germany
USR_00191,2024-03-22,190.87,Meta_Facebook,FB_Awareness,Enterprise Plan,Germany
USR_01620,2024-02-01,222.6,Organic,Organic_Direct,One-Time Purchase,Germany
USR_00899,2024-02-15,406.12,Google_Search,GSearch_Competitor,Basic Plan,USA
USR_00298,2024-02-11,357.26,Google_Search,GSearch_Competitor,Basic Plan,Germany
USR_01604,2024-01-24,386.92,Meta_Facebook,FB_Lookalike,Enterprise Plan,India
USR_01143,2024-02-08,99.7,Organic,Organic_SEO,Pro Plan,USA
USR_00793,2024-03-22,223.15,LinkedIn,LinkedIn_Lead,Enterprise Plan,Canada
USR_00514,2024-03-14,115.81,TikTok,TikTok_Video1,Pro Plan,Canada
USR_00316,2024-02-10,366.3,Google_Search,GSearch_Generic,Enterprise Plan,Canada
USR_00157,2024-03-02,83.94,TikTok,TikTok_Promo,Enterprise Plan,Germany
USR_01574,2024-01-13,26.34,Google_Search,GSearch_Competitor,Enterprise Plan,Australia
USR_00444,2024-01-23,111.99,TikTok,,Basic Plan,India
USR_00890,2024-03-28,424.54,Organic,Organic_SEO,Basic Plan,Australia
USR_00109,2024-01-23,112.11,Meta_Facebook,FB_Awareness,Enterprise Plan,India
USR_01825,2024-03-15,212.15,Google_Search,GSearch_Generic,Basic Plan,UK
USR_00233,2024-03-16,339.73,Meta_Facebook,FB_Retargeting,Pro Plan,Germany
USR_00984,2024-01-07,189.64,Google_Search,GSearch_Generic,One-Time Purchase,Australia
USR_01779,2024-01-08,37.46,TikTok,TikTok_Video1,One-Time Purchase,Australia
USR_01964,2024-03-15,387.49,Organic,Organic_SEO,Basic Plan,India
USR_00623,2024-03-18,43.73,Google_Search,GSearch_Competitor,Enterprise Plan,India
USR_01922,2024-01-23,179.31,TikTok,TikTok_Video1,Pro Plan,UK
USR_00991,2024-01-21,453.39,Google_Search,GSearch_Brand,Enterprise Plan,India
USR_01867,2024-03-04,457.16,Organic,Organic_SEO,Enterprise Plan,India
USR_01988,2024-02-22,368.13,TikTok,TikTok_Promo,Enterprise Plan,USA
USR_00328,2024-02-28,91.65,Organic,Organic_Direct,Basic Plan,Canada
USR_01803,2024-02-17,289.25,Google_Search,GSearch_Competitor,Enterprise Plan,India
USR_00356,2024-02-03,495.47,Meta_Facebook,FB_Awareness,Basic Plan,USA
USR_01671,2024-01-21,421.46,Meta_Facebook,FB_Retargeting,Enterprise Plan,UK
USR_01383,2024-02-25,191.26,Google_Search,GSearch_Competitor,Enterprise Plan,Australia
USR_00258,2024-02-07,458.24,LinkedIn,LinkedIn_Lead,Basic Plan,Australia
USR_01244,2024-02-28,230.92,Meta_Facebook,FB_Lookalike,One-Time Purchase,Germany
USR_01629,2024-03-07,174.87,TikTok,TikTok_Video1,Pro Plan,Germany
USR_01416,2024-03-05,76.68,Email,Email_Welcome,Basic Plan,India
USR_01637,2024-03-29,245.79,Meta_Facebook,FB_Retargeting,Basic Plan,USA
USR_00582,2024-02-18,283.01,Email,Email_Retention,Pro Plan,USA
USR_00678,2024-01-21,190.46,TikTok,,Pro Plan,Germany
USR_00411,2024-02-29,440.68,LinkedIn,LinkedIn_Lead,Enterprise Plan,Canada
USR_00203,2024-01-15,318.72,Google_Search,GSearch_Brand,One-Time Purchase,Australia
USR_01156,2024-03-14,415.14,Meta_Facebook,FB_Retargeting,One-Time Purchase,UK
USR_00831,2024-01-23,169.54,Email,Email_Promo,Basic Plan,India
USR_01447,2024-01-19,434.9,Meta_Facebook,FB_Lookalike,Enterprise Plan,Germany
USR_01651,2024-01-27,259.35,Email,Email_Retention,Pro Plan,Germany
USR_00650,2024-02-08,76.74,Email,Email_Retention,Pro Plan,Germany
USR_00167,2024-02-14,103.04,TikTok,TikTok_Promo,Enterprise Plan,USA
USR_00788,2024-01-12,419.69,LinkedIn,LinkedIn_B2B,Enterprise Plan,UK
USR_00578,2024-02-02,435.12,LinkedIn,LinkedIn_B2B,Enterprise Plan,UK
USR_01624,2024-01-20,300.34,TikTok,TikTok_Promo,One-Time Purchase,Germany
USR_00596,2024-02-07,62.24,LinkedIn,LinkedIn_B2B,Basic Plan,USA
USR_01800,2024-02-14,117.39,TikTok,TikTok_Promo,Basic Plan,Canada
USR_01694,2024-01-19,168.95,Google_Search,GSearch_Brand,Enterprise Plan,Canada
USR_00202,2024-01-10,202.97,Email,Email_Promo,One-Time Purchase,USA
USR_01121,2024-02-24,73.4,Meta_Facebook,FB_Awareness,Pro Plan,Canada
USR_01356,2024-01-20,486.99,Google_Search,GSearch_Generic,Basic Plan,UK
USR_00032,2024-03-09,304.39,Google_Search,GSearch_Competitor,Enterprise Plan,India
USR_01602,2024-02-08,21.06,Organic,Organic_SEO,Enterprise Plan,Germany
USR_00683,2024-03-15,74.17,Organic,Organic_SEO,Pro Plan,India
USR_00550,2024-02-24,364.95,LinkedIn,LinkedIn_Lead,Enterprise Plan,Australia
USR_01753,2024-01-15,155.06,TikTok,TikTok_Video1,One-Time Purchase,UK
USR_00022,2024-03-26,317.16,Email,Email_Retention,One-Time Purchase,India
USR_00058,2024-02-12,250.18,Organic,Organic_Direct,Basic Plan,USA
USR_01063,2024-03-05,110.65,TikTok,TikTok_Promo,Pro Plan,USA
USR_00666,2024-02-11,137.39,Google_Search,GSearch_Generic,One-Time Purchase,Australia
USR_01488,2024-02-24,50.24,Organic,Organic_Direct,One-Time Purchase,UK
USR_00461,2024-02-12,260.68,TikTok,TikTok_Promo,Basic Plan,Germany
USR_01061,2024-03-20,187.92,Email,,Enterprise Plan,Australia
USR_01507,2024-02-09,181.33,Meta_Facebook,FB_Lookalike,Enterprise Plan,UK
USR_01655,2024-01-07,374.22,Email,Email_Promo,One-Time Purchase,Australia
USR_01648,2024-01-19,485.87,Meta_Facebook,FB_Retargeting,One-Time Purchase,India
USR_00028,2024-03-12,115.39,Google_Search,GSearch_Competitor,Enterprise Plan,Australia
USR_01362,2024-03-10,312.69,TikTok,,Enterprise Plan,India
USR_01359,2024-01-06,409.76,Organic,Organic_Direct,Basic Plan,Canada
USR_01240,2024-03-15,306.27,Meta_Facebook,FB_Awareness,One-Time Purchase,USA
USR_00560,2024-03-14,140.06,Google_Search,GSearch_Competitor,Enterprise Plan,Germany
USR_01576,2024-03-24,205.64,Meta_Facebook,FB_Awareness,One-Time Purchase,Germany
USR_00327,2024-01-30,66.96,LinkedIn,LinkedIn_B2B,Pro Plan,Australia
USR_00039,2024-01-28,214.11,Google_Search,GSearch_Brand,Pro Plan,Canada
USR_01600,2024-03-12,210.33,Organic,Organic_SEO,Pro Plan,Australia
USR_01794,2024-02-19,240.27,Meta_Facebook,FB_Awareness,Enterprise Plan,Germany
USR_00955,2024-02-28,76.61,Google_Search,GSearch_Generic,Basic Plan,USA
USR_01559,2024-02-16,157.92,Meta_Facebook,FB_Lookalike,Enterprise Plan,Australia
USR_01262,2024-03-06,111.59,TikTok,,Pro Plan,Australia
USR_00815,2024-02-27,97.37,TikTok,TikTok_Promo,One-Time Purchase,USA
USR_01420,2024-02-25,416.79,TikTok,TikTok_Promo,Pro Plan,Australia
USR_00220,2024-01-19,77.79,Email,Email_Promo,Enterprise Plan,Germany
USR_01426,2024-02-13,376.72,Google_Search,GSearch_Generic,One-Time Purchase,India
USR_01257,2024-03-25,45.8,TikTok,TikTok_Promo,One-Time Purchase,UK
USR_01211,2024-02-04,240.94,TikTok,TikTok_Video1,Basic Plan,Germany
USR_00077,2024-03-14,280.62,Meta_Facebook,FB_Lookalike,Pro Plan,USA
USR_01763,2024-03-23,259.79,Meta_Facebook,FB_Lookalike,Pro Plan,Australia
USR_01290,2024-01-18,401.09,TikTok,TikTok_Video1,Enterprise Plan,Canada
USR_01261,2024-03-05,466.23,Meta_Facebook,FB_Lookalike,Pro Plan,UK
USR_00949,2024-03-05,214.85,Google_Search,GSearch_Generic,Enterprise Plan,USA
USR_01878,2024-01-23,138.93,Meta_Facebook,FB_Lookalike,Pro Plan,Canada
USR_01110,2024-02-28,206.9,Organic,Organic_SEO,One-Time Purchase,Canada
USR_01626,2024-02-25,438.64,Meta_Facebook,FB_Awareness,Pro Plan,Australia
USR_01212,2024-01-26,90.85,Google_Search,,Basic Plan,Australia
USR_00873,2024-01-17,300.93,LinkedIn,LinkedIn_B2B,One-Time Purchase,Canada
USR_00675,2024-02-14,261.1,Organic,Organic_SEO,One-Time Purchase,UK
USR_01513,2024-02-01,399.35,Organic,Organic_SEO,Enterprise Plan,Germany
USR_01180,2024-02-01,346.34,LinkedIn,LinkedIn_B2B,Basic Plan,USA
USR_01425,2024-02-11,78.46,TikTok,TikTok_Video1,One-Time Purchase,Australia
USR_00164,2024-01-19,193.09,Organic,Organic_SEO,Pro Plan,Germany
USR_00464,2024-02-03,416.62,Google_Search,GSearch_Generic,Enterprise Plan,Australia
USR_00207,2024-02-17,413.47,Email,Email_Welcome,Pro Plan,Australia
USR_00216,2024-01-28,217.88,Email,,Enterprise Plan,UK
USR_01139,2024-01-13,420.42,Meta_Facebook,FB_Lookalike,Pro Plan,Germany
USR_01812,2024-01-30,79.97,Email,Email_Promo,Enterprise Plan,Australia
USR_01024,2024-03-07,476.81,Meta_Facebook,FB_Awareness,Basic Plan,Australia
USR_00046,2024-01-28,301.93,Google_Search,GSearch_Generic,Basic Plan,Canada
USR_01734,2024-03-18,211.65,LinkedIn,LinkedIn_Lead,Enterprise Plan,Canada
USR_01894,2024-01-07,245.95,Google_Search,GSearch_Brand,Basic Plan,India
USR_01072,2024-01-30,261.19,LinkedIn,LinkedIn_Lead,Enterprise Plan,UK
USR_00941,2024-02-08,372.26,Meta_Facebook,FB_Lookalike,Basic Plan,UK
USR_01064,2024-03-23,394.1,Meta_Facebook,FB_Retargeting,Basic Plan,Australia
USR_01518,2024-03-08,484.6,Google_Search,GSearch_Brand,Basic Plan,Canada
USR_01955,2024-02-17,397.2,Google_Search,GSearch_Generic,Basic Plan,Germany
USR_01972,2024-02-27,88.72,Google_Search,GSearch_Brand,Pro Plan,Canada
USR_00917,2024-03-18,267.75,Meta_Facebook,FB_Lookalike,Enterprise Plan,Canada
USR_00535,2024-02-28,477.33,TikTok,TikTok_Promo,Basic Plan,Canada
USR_01422,2024-01-08,426.15,Google_Search,,Enterprise Plan,UK
USR_01198,2024-03-15,313.67,Meta_Facebook,FB_Retargeting,Basic Plan,USA
USR_01396,2024-02-25,436.18,Google_Search,GSearch_Brand,Enterprise Plan,India
USR_00247,2024-01-17,72.41,TikTok,TikTok_Promo,One-Time Purchase,UK
USR_00865,2024-02-01,457.61,Meta_Facebook,FB_Lookalike,One-Time Purchase,UK
USR_01736,2024-03-06,380.23,Google_Search,GSearch_Competitor,Pro Plan,Germany
USR_00996,2024-03-11,79.59,TikTok,TikTok_Video1,Pro Plan,Germany
USR_01993,2024-01-21,165.47,Google_Search,GSearch_Competitor,Basic Plan,Canada
USR_00868,2024-01-28,112.57,LinkedIn,LinkedIn_B2B,One-Time Purchase,India
USR_01805,2024-01-25,350.26,Meta_Facebook,FB_Lookalike,Enterprise Plan,India
USR_00657,2024-03-26,397.34,Email,Email_Welcome,Pro Plan,India
USR_00888,2024-03-19,479.1,Google_Search,GSearch_Brand,Basic Plan,USA
USR_00967,2024-03-07,266.9,Google_Search,GSearch_Brand,Pro Plan,Australia
USR_00101,2024-03-30,336.06,Google_Search,GSearch_Competitor,Enterprise Plan,India
USR_01384,2024-03-05,400.92,LinkedIn,LinkedIn_B2B,One-Time Purchase,Canada
USR_01179,2024-03-05,357.03,TikTok,TikTok_Promo,Enterprise Plan,USA
USR_01078,2024-02-08,35.02,Google_Search,GSearch_Brand,Enterprise Plan,Australia
USR_00881,2024-01-22,243.63,TikTok,TikTok_Video1,Pro Plan,UK
USR_00882,2024-02-16,50.43,TikTok,TikTok_Promo,Enterprise Plan,UK
USR_01009,2024-02-27,427.54,Meta_Facebook,FB_Lookalike,Pro Plan,Australia
USR_01664,2024-02-20,251.65,Meta_Facebook,FB_Lookalike,Basic Plan,USA
USR_01701,2024-02-25,322.73,Google_Search,GSearch_Generic,Enterprise Plan,UK
USR_01120,2024-01-23,408.22,Email,Email_Promo,Enterprise Plan,UK
USR_01096,2024-01-23,95.72,Meta_Facebook,FB_Awareness,Basic Plan,UK
USR_00676,2024-03-11,369.78,Organic,Organic_Direct,One-Time Purchase,USA
USR_00243,2024-01-27,73.11,Organic,,One-Time Purchase,Germany
USR_01499,2024-03-14,139.27,Organic,Organic_SEO,Enterprise Plan,Canada
USR_00872,2024-02-07,133.14,TikTok,TikTok_Video1,Basic Plan,Canada
USR_01128,2024-02-02,378.26,Google_Search,GSearch_Brand,Pro Plan,USA
USR_00365,2024-03-06,21.69,Meta_Facebook,FB_Retargeting,Basic Plan,Germany
USR_00048,2024-03-04,312.04,Organic,Organic_SEO,Enterprise Plan,UK
USR_00413,2024-03-12,401.55,Email,Email_Welcome,Pro Plan,USA
USR_01141,2024-01-24,444.26,Email,Email_Welcome,Basic Plan,Germany
USR_01699,2024-02-26,80.61,Meta_Facebook,FB_Awareness,Enterprise Plan,Canada
USR_00753,2024-03-09,324.95,Meta_Facebook,FB_Awareness,One-Time Purchase,UK
USR_00299,2024-03-09,374.74,Meta_Facebook,FB_Retargeting,Pro Plan,Germany
USR_01341,2024-02-14,411.96,Email,Email_Retention,Basic Plan,USA
USR_01057,2024-03-03,27.83,TikTok,TikTok_Video1,One-Time Purchase,Germany
USR_00750,2024-03-16,478.78,TikTok,TikTok_Video1,One-Time Purchase,Canada
USR_00959,2024-02-06,45.87,Google_Search,GSearch_Generic,One-Time Purchase,Canada
USR_01254,2024-02-01,238.4,Email,Email_Welcome,Basic Plan,Canada
USR_00613,2024-01-24,180.11,Email,Email_Retention,Enterprise Plan,India
USR_01656,2024-02-18,128.66,Email,Email_Retention,Basic Plan,Australia
USR_00124,2024-01-21,284.8,Organic,Organic_SEO,Enterprise Plan,Australia
USR_00136,2024-03-24,107.6,Google_Search,GSearch_Brand,One-Time Purchase,Germany
USR_01782,2024-02-15,79.11,Google_Search,GSearch_Competitor,Pro Plan,Germany
USR_01764,2024-02-07,445.58,Email,Email_Promo,Basic Plan,India
USR_00691,2024-03-07,441.25,TikTok,TikTok_Promo,Basic Plan,India
USR_00591,2024-01-13,435.5,Google_Search,GSearch_Competitor,Pro Plan,Australia
USR_01433,2024-03-27,33.47,Google_Search,GSearch_Competitor,Pro Plan,UK
USR_00171,2024-02-29,248.86,Google_Search,GSearch_Competitor,Enterprise Plan,Canada
USR_01365,2024-02-08,352.42,LinkedIn,LinkedIn_Lead,One-Time Purchase,UK
USR_00754,2024-01-24,27.25,Google_Search,GSearch_Generic,Basic Plan,Australia
USR_00038,2024-01-25,43.87,Meta_Facebook,FB_Lookalike,Enterprise Plan,Canada
USR_00818,2024-02-17,44.17,Google_Search,GSearch_Generic,One-Time Purchase,Canada
USR_01054,2024-03-18,327.26,Google_Search,GSearch_Generic,Enterprise Plan,USA
USR_01608,2024-03-27,484.71,Meta_Facebook,FB_Awareness,Basic Plan,India
USR_01199,2024-02-08,425.96,Meta_Facebook,FB_Lookalike,Enterprise Plan,Canada
USR_01142,2024-02-18,107.54,Organic,,Enterprise Plan,Canada
USR_00697,2024-03-28,399.72,Google_Search,GSearch_Generic,One-Time Purchase,Australia
USR_00184,2024-02-08,369.07,Organic,,Basic Plan,India
USR_00217,2024-03-05,285.18,Meta_Facebook,FB_Retargeting,Basic Plan,USA
USR_01113,2024-02-14,449.02,Google_Search,GSearch_Generic,Pro Plan,Australia
USR_01133,2024-02-17,111.47,Google_Search,GSearch_Generic,Basic Plan,Germany
USR_01313,2024-02-24,317.84,Google_Search,GSearch_Brand,Basic Plan,UK
USR_00187,2024-02-08,90.5,Meta_Facebook,FB_Lookalike,Pro Plan,UK
USR_00165,2024-02-09,400.23,TikTok,TikTok_Video1,Basic Plan,Australia
USR_00780,2024-02-12,222.86,TikTok,TikTok_Promo,One-Time Purchase,India
USR_01390,2024-02-05,432.36,LinkedIn,LinkedIn_B2B,One-Time Purchase,Germany
USR_01605,2024-02-12,407.74,Organic,Organic_Direct,Basic Plan,Canada
USR_01575,2024-03-12,440.05,Meta_Facebook,FB_Lookalike,One-Time Purchase,India
USR_01840,2024-02-15,45.44,Organic,Organic_Direct,Enterprise Plan,Canada
USR_01004,2024-02-01,361.54,Meta_Facebook,FB_Awareness,Enterprise Plan,India
USR_01729,2024-01-29,65.84,Meta_Facebook,FB_Retargeting,Pro Plan,USA
USR_01822,2024-03-19,370.41,Email,Email_Retention,Basic Plan,Canada
USR_01773,2024-03-22,66.68,Google_Search,GSearch_Competitor,Enterprise Plan,Canada
USR_00409,2024-02-08,39.54,Email,Email_Welcome,Basic Plan,UK
USR_00557,2024-03-22,457.87,Organic,Organic_SEO,Pro Plan,UK
USR_01048,2024-03-13,68.6,Organic,,Pro Plan,Canada
USR_00114,2024-01-15,434.82,Email,Email_Welcome,One-Time Purchase,India
USR_01146,2024-03-13,453.08,LinkedIn,LinkedIn_Lead,Enterprise Plan,USA
USR_01587,2024-01-28,159.35,Meta_Facebook,FB_Lookalike,Basic Plan,India
USR_01835,2024-01-13,467.14,LinkedIn,LinkedIn_Lead,Basic Plan,UK
USR_00240,2024-01-16,415.35,Meta_Facebook,FB_Retargeting,Basic Plan,USA
USR_01429,2024-03-14,371.37,Google_Search,GSearch_Brand,Pro Plan,Germany
USR_00517,2024-01-06,278.97,Organic,Organic_SEO,Pro Plan,UK
USR_01260,2024-02-24,103.76,LinkedIn,LinkedIn_B2B,Pro Plan,Australia
USR_00827,2024-03-11,427.78,TikTok,TikTok_Promo,One-Time Purchase,Australia
USR_00843,2024-01-31,175.45,Google_Search,GSearch_Generic,Basic Plan,Canada
USR_00928,2024-02-19,485.25,TikTok,TikTok_Promo,Enterprise Plan,UK
USR_00767,2024-01-10,265.15,TikTok,TikTok_Video1,Enterprise Plan,Germany
USR_00939,2024-02-12,481.19,TikTok,TikTok_Promo,Pro Plan,India
USR_01350,2024-01-10,199.91,Meta_Facebook,FB_Retargeting,One-Time Purchase,UK
USR_00206,2024-01-30,69.8,Meta_Facebook,FB_Lookalike,Pro Plan,Australia
USR_01880,2024-02-25,141.39,Organic,Organic_SEO,Enterprise Plan,Canada
USR_01778,2024-03-07,142.4,Google_Search,GSearch_Competitor,Pro Plan,India
USR_01171,2024-02-28,333.04,Meta_Facebook,FB_Lookalike,Enterprise Plan,UK
USR_00649,2024-02-26,431.63,Meta_Facebook,FB_Awareness,Enterprise Plan,UK
USR_00595,2024-03-24,332.49,LinkedIn,LinkedIn_B2B,Basic Plan,Canada
USR_00050,2024-03-14,408.36,Meta_Facebook,FB_Retargeting,Pro Plan,India
USR_00288,2024-03-22,411.94,Organic,Organic_SEO,One-Time Purchase,India
USR_00394,2024-01-09,334.7,Meta_Facebook,FB_Awareness,Enterprise Plan,Canada
USR_00193,2024-03-13,333.73,TikTok,TikTok_Promo,Pro Plan,Australia
USR_01910,2024-01-27,26.28,Google_Search,GSearch_Generic,Basic Plan,India
USR_00412,2024-02-01,139.97,Organic,Organic_SEO,One-Time Purchase,Australia
USR_01885,2024-01-18,35.16,Organic,Organic_Direct,Basic Plan,Australia
USR_01500,2024-01-19,308.23,Meta_Facebook,FB_Retargeting,Basic Plan,Canada
USR_00589,2024-02-14,382.74,Email,Email_Welcome,One-Time Purchase,Australia
USR_00378,2024-01-20,74.02,Organic,Organic_Direct,Basic Plan,UK
USR_01406,2024-02-09,21.57,Google_Search,GSearch_Competitor,Enterprise Plan,UK
USR_00789,2024-01-16,397.95,Google_Search,GSearch_Brand,Enterprise Plan,UK
USR_01148,2024-01-19,391.85,Google_Search,GSearch_Generic,Pro Plan,UK
USR_00403,2024-02-11,245.56,Meta_Facebook,FB_Lookalike,Basic Plan,Canada
USR_01256,2024-02-23,290.16,Google_Search,GSearch_Generic,Enterprise Plan,India
USR_01340,2024-03-21,23.63,TikTok,TikTok_Video1,Enterprise Plan,UK
USR_01596,2024-03-03,349.41,Organic,Organic_Direct,Pro Plan,Germany
USR_01375,2024-01-13,451.23,Meta_Facebook,FB_Awareness,Pro Plan,India
USR_00784,2024-01-13,183.89,Google_Search,GSearch_Competitor,Basic Plan,UK
USR_01204,2024-03-05,102.86,Google_Search,GSearch_Generic,Basic Plan,India
USR_01267,2024-01-10,275.9,TikTok,TikTok_Video1,One-Time Purchase,Canada
USR_00705,2024-03-17,163.22,Meta_Facebook,FB_Lookalike,Basic Plan,UK
USR_00946,2024-01-19,239.77,Meta_Facebook,FB_Lookalike,One-Time Purchase,USA
USR_00195,2024-02-10,105.8,Google_Search,GSearch_Competitor,Enterprise Plan,UK
USR_00451,2024-02-01,398.74,TikTok,TikTok_Promo,Pro Plan,India
USR_01666,2024-02-21,290.57,TikTok,TikTok_Video1,Enterprise Plan,UK
USR_01301,2024-01-24,288.1,Google_Search,GSearch_Generic,Basic Plan,Canada
USR_01299,2024-03-12,116.39,Meta_Facebook,FB_Awareness,One-Time Purchase,Germany
USR_01253,2024-02-12,428.55,Meta_Facebook,,Basic Plan,USA
USR_01678,2024-02-13,479.57,Meta_Facebook,FB_Retargeting,One-Time Purchase,USA
USR_01969,2024-03-23,66.76,Google_Search,GSearch_Generic,Pro Plan,UK
USR_00951,2024-03-11,409.11,Email,Email_Promo,One-Time Purchase,Canada
USR_00045,2024-01-14,431.86,Meta_Facebook,,Pro Plan,USA
USR_00094,2024-02-07,470.89,Google_Search,GSearch_Brand,Enterprise Plan,India
USR_00218,2024-02-13,496.44,Google_Search,GSearch_Generic,Basic Plan,Canada
USR_00866,2024-01-22,295.81,Meta_Facebook,FB_Lookalike,Basic Plan,Canada
USR_01913,2024-02-25,257.54,Email,Email_Retention,One-Time Purchase,Germany
USR_00599,2024-03-08,129.11,TikTok,TikTok_Video1,One-Time Purchase,Australia
USR_00712,2024-02-01,277.48,LinkedIn,LinkedIn_Lead,Basic Plan,India
USR_00135,2024-01-23,484.83,LinkedIn,LinkedIn_B2B,Pro Plan,India
USR_01282,2024-01-12,380.34,Organic,Organic_SEO,One-Time Purchase,Germany
USR_01810,2024-01-18,35.42,Meta_Facebook,FB_Awareness,Enterprise Plan,UK
USR_00345,2024-03-16,335.97,LinkedIn,,One-Time Purchase,India
USR_01739,2024-01-10,89.17,Google_Search,GSearch_Competitor,Pro Plan,Canada
USR_00555,2024-03-24,456.29,LinkedIn,LinkedIn_B2B,One-Time Purchase,Australia
USR_01291,2024-02-14,499.0,Meta_Facebook,FB_Awareness,One-Time Purchase,Canada
USR_00128,2024-03-01,82.87,Meta_Facebook,FB_Lookalike,Enterprise Plan,UK
USR_00357,2024-03-24,208.32,Google_Search,GSearch_Competitor,Basic Plan,Germany
USR_00453,2024-01-07,104.49,Organic,Organic_SEO,One-Time Purchase,USA
USR_01851,2024-03-06,422.79,Google_Search,GSearch_Competitor,Pro Plan,Australia
USR_01557,2024-03-13,193.17,Google_Search,GSearch_Brand,Basic Plan,USA
USR_00912,2024-03-09,213.47,Google_Search,GSearch_Competitor,One-Time Purchase,USA
USR_01939,2024-03-28,204.53,Email,Email_Promo,One-Time Purchase,Australia
USR_01098,2024-03-22,388.79,TikTok,TikTok_Promo,Pro Plan,Germany
USR_01258,2024-01-28,147.25,TikTok,TikTok_Video1,Basic Plan,Canada
USR_01387,2024-03-14,101.66,TikTok,TikTok_Promo,Enterprise Plan,Canada
USR_00388,2024-01-13,159.79,Email,Email_Promo,One-Time Purchase,India
USR_00091,2024-03-21,334.09,Google_Search,,One-Time Purchase,Australia
USR_00416,2024-02-09,295.69,Google_Search,GSearch_Generic,Pro Plan,USA
USR_01101,2024-02-02,319.28,Google_Search,GSearch_Generic,Pro Plan,USA
USR_00237,2024-03-22,35.15,Meta_Facebook,FB_Lookalike,Enterprise Plan,UK
USR_00606,2024-02-09,65.58,TikTok,TikTok_Video1,Enterprise Plan,USA
USR_01497,2024-02-02,479.62,LinkedIn,,Enterprise Plan,Germany
USR_00954,2024-02-28,437.61,Email,Email_Promo,Basic Plan,UK
USR_01985,2024-02-08,219.05,LinkedIn,LinkedIn_Lead,Enterprise Plan,India
USR_00106,2024-01-19,348.8,Google_Search,GSearch_Generic,Enterprise Plan,India
USR_00564,2024-01-10,467.24,Meta_Facebook,FB_Awareness,Basic Plan,Germany
USR_00006,2024-03-12,336.87,Meta_Facebook,FB_Awareness,One-Time Purchase,UK
USR_01176,2024-03-16,253.72,LinkedIn,LinkedIn_B2B,Basic Plan,India
USR_00812,2024-02-19,125.09,Meta_Facebook,FB_Retargeting,Basic Plan,UK
USR_01432,2024-03-01,147.57,Google_Search,GSearch_Competitor,Pro Plan,India
USR_00377,2024-03-15,379.3,Google_Search,GSearch_Brand,Basic Plan,Germany
USR_01511,2024-01-18,209.43,TikTok,TikTok_Promo,Enterprise Plan,Canada
USR_01711,2024-01-10,32.55,Meta_Facebook,FB_Lookalike,Enterprise Plan,Germany
USR_00296,2024-02-08,463.95,Google_Search,GSearch_Competitor,Pro Plan,Canada
USR_01976,2024-02-24,339.99,Google_Search,GSearch_Generic,Basic Plan,Canada
USR_00329,2024-03-28,45.02,Meta_Facebook,,Basic Plan,Germany
USR_00309,2024-02-11,152.24,LinkedIn,LinkedIn_Lead,Basic Plan,Germany
USR_00716,2024-03-04,132.79,Google_Search,GSearch_Competitor,One-Time Purchase,Germany
USR_01599,2024-01-30,92.73,Meta_Facebook,FB_Retargeting,One-Time Purchase,Germany
USR_01163,2024-01-18,128.33,Organic,Organic_SEO,Enterprise Plan,Australia
USR_01606,2024-03-25,481.07,Google_Search,GSearch_Brand,One-Time Purchase,India
USR_01457,2024-01-25,373.67,Google_Search,GSearch_Brand,Basic Plan,India
USR_00732,2024-01-16,198.37,Google_Search,GSearch_Generic,Enterprise Plan,UK
USR_01688,2024-01-26,52.36,Meta_Facebook,FB_Awareness,Enterprise Plan,Canada
USR_00906,2024-02-23,188.07,Organic,Organic_SEO,One-Time Purchase,Germany
USR_01868,2024-01-13,100.89,Meta_Facebook,FB_Lookalike,Basic Plan,USA
USR_01704,2024-02-25,51.28,Google_Search,GSearch_Generic,Enterprise Plan,USA
USR_00244,2024-02-12,64.52,Meta_Facebook,,Basic Plan,Australia
USR_00012,2024-02-10,245.76,Meta_Facebook,FB_Lookalike,One-Time Purchase,Australia
USR_01484,2024-03-08,431.88,Google_Search,GSearch_Brand,One-Time Purchase,USA
USR_01158,2024-01-26,499.12,Meta_Facebook,FB_Awareness,One-Time Purchase,UK
USR_01126,2024-02-11,333.09,Organic,Organic_SEO,Enterprise Plan,UK
USR_00737,2024-01-17,57.55,TikTok,TikTok_Promo,Pro Plan,USA
USR_01769,2024-02-09,176.55,Meta_Facebook,FB_Lookalike,Basic Plan,Canada
USR_00372,2024-01-18,358.22,Meta_Facebook,FB_Retargeting,Pro Plan,UK
USR_01466,2024-02-11,443.04,Google_Search,GSearch_Generic,Pro Plan,India
USR_01695,2024-03-24,165.78,Google_Search,GSearch_Brand,Pro Plan,Germany
USR_00266,2024-01-23,489.66,Meta_Facebook,FB_Awareness,One-Time Purchase,Australia
USR_00900,2024-01-16,340.74,Meta_Facebook,FB_Lookalike,Pro Plan,Canada
USR_01643,2024-02-05,369.2,Meta_Facebook,FB_Awareness,Pro Plan,India
USR_00279,2024-02-22,287.17,Google_Search,GSearch_Brand,Basic Plan,Australia
USR_01633,2024-01-27,352.59,Email,Email_Retention,Pro Plan,UK
USR_00083,2024-02-05,154.76,TikTok,TikTok_Video1,One-Time Purchase,Germany
USR_00886,2024-02-11,33.31,LinkedIn,LinkedIn_B2B,Basic Plan,India
USR_00813,2024-02-25,485.06,Google_Search,GSearch_Competitor,Basic Plan,Australia
USR_01873,2024-02-16,376.79,Meta_Facebook,FB_Lookalike,Basic Plan,Germany
USR_00755,2024-02-08,274.02,LinkedIn,LinkedIn_B2B,Pro Plan,Canada
USR_00562,2024-03-13,295.49,Meta_Facebook,FB_Lookalike,One-Time Purchase,UK
USR_01192,2024-03-13,498.78,Meta_Facebook,FB_Lookalike,One-Time Purchase,India
USR_01327,2024-01-19,191.18,LinkedIn,LinkedIn_B2B,Basic Plan,Australia
USR_00031,2024-01-14,289.49,Google_Search,,Enterprise Plan,India
USR_00746,2024-03-10,410.96,Google_Search,GSearch_Competitor,Enterprise Plan,Canada
USR_01183,2024-02-22,204.7,LinkedIn,LinkedIn_B2B,Basic Plan,USA
USR_01020,2024-03-26,51.49,Meta_Facebook,FB_Retargeting,Pro Plan,Canada
USR_00439,2024-02-15,417.03,Meta_Facebook,FB_Awareness,One-Time Purchase,India
USR_00034,2024-03-18,482.69,Organic,Organic_Direct,Basic Plan,USA
USR_00493,2024-02-26,50.42,Google_Search,GSearch_Brand,Pro Plan,India
USR_00936,2024-02-16,58.75,Meta_Facebook,FB_Lookalike,Pro Plan,USA
USR_00663,2024-02-26,238.24,Google_Search,GSearch_Brand,Basic Plan,India
USR_01887,2024-03-11,205.43,Meta_Facebook,,Pro Plan,Canada
USR_00496,2024-03-09,412.04,Organic,Organic_Direct,One-Time Purchase,Australia
USR_00968,2024-02-27,192.17,TikTok,TikTok_Video1,One-Time Purchase,USA
USR_01588,2024-03-08,376.46,Google_Search,GSearch_Brand,One-Time Purchase,UK
USR_00524,2024-02-25,475.99,Google_Search,GSearch_Competitor,Enterprise Plan,Canada
USR_01755,2024-03-20,30.39,Meta_Facebook,FB_Lookalike,Enterprise Plan,UK
USR_01615,2024-03-06,35.11,TikTok,,Pro Plan,UK
USR_01412,2024-01-20,495.41,TikTok,TikTok_Promo,Basic Plan,USA
USR_00125,2024-02-18,204.93,TikTok,TikTok_Promo,Enterprise Plan,Canada
USR_01038,2024-03-04,112.8,LinkedIn,LinkedIn_Lead,Pro Plan,India
USR_01573,2024-02-07,266.02,TikTok,TikTok_Promo,Enterprise Plan,Canada
USR_01441,2024-03-09,193.29,Meta_Facebook,FB_Retargeting,Pro Plan,UK
USR_01058,2024-02-14,159.37,TikTok,TikTok_Promo,Enterprise Plan,USA
USR_00418,2024-01-13,264.57,Google_Search,GSearch_Competitor,Basic Plan,UK
USR_00009,2024-02-05,448.5,Email,Email_Retention,One-Time Purchase,Canada
USR_01471,2024-01-25,90.99,TikTok,TikTok_Promo,Enterprise Plan,Australia
USR_00821,2024-01-24,431.25,Organic,Organic_SEO,Pro Plan,USA
USR_01149,2024-03-09,111.09,Meta_Facebook,FB_Awareness,Pro Plan,India
USR_00285,2024-02-02,225.23,Meta_Facebook,FB_Lookalike,Pro Plan,India
USR_01155,2024-03-07,79.45,Google_Search,GSearch_Generic,Pro Plan,Germany
USR_00534,2024-02-29,472.13,Google_Search,GSearch_Brand,One-Time Purchase,Germany
USR_01614,2024-01-19,350.33,LinkedIn,LinkedIn_B2B,Basic Plan,Australia
USR_00252,2024-02-17,376.38,Google_Search,GSearch_Brand,Basic Plan,USA
USR_01661,2024-03-19,437.05,Meta_Facebook,FB_Awareness,Pro Plan,Canada
USR_01681,2024-02-04,56.68,Email,Email_Welcome,Basic Plan,India
USR_00570,2024-03-15,267.95,Google_Search,GSearch_Competitor,Basic Plan,Australia
USR_01186,2024-01-18,123.7,Email,Email_Welcome,Basic Plan,Australia
USR_01619,2024-03-14,300.68,Google_Search,GSearch_Generic,Pro Plan,USA
USR_00860,2024-02-10,42.42,Meta_Facebook,FB_Lookalike,Basic Plan,USA
USR_01000,2024-02-04,406.6,Email,Email_Welcome,Basic Plan,Canada
USR_00306,2024-03-22,311.54,Email,Email_Retention,One-Time Purchase,India
USR_01196,2024-02-27,28.58,TikTok,TikTok_Promo,Pro Plan,Australia
USR_00612,2024-02-04,215.37,Google_Search,GSearch_Generic,Basic Plan,Australia
USR_00278,2024-02-23,147.66,Google_Search,GSearch_Generic,Pro Plan,UK
USR_00914,2024-01-23,407.65,Email,Email_Retention,One-Time Purchase,USA
USR_01475,2024-02-14,139.11,TikTok,TikTok_Promo,Enterprise Plan,Australia
USR_01270,2024-02-08,289.31,Google_Search,GSearch_Competitor,Enterprise Plan,Australia
USR_01567,2024-02-24,495.68,Google_Search,GSearch_Generic,One-Time Purchase,Germany
USR_00173,2024-02-06,476.58,Google_Search,GSearch_Brand,One-Time Purchase,Australia
USR_01197,2024-01-15,239.49,Meta_Facebook,FB_Lookalike,One-Time Purchase,Australia
USR_00144,2024-01-20,105.63,TikTok,TikTok_Video1,Enterprise Plan,Germany
USR_00879,2024-02-08,151.22,Organic,Organic_SEO,Pro Plan,Canada
USR_00435,2024-01-24,468.81,LinkedIn,LinkedIn_B2B,One-Time Purchase,UK
USR_00926,2024-03-08,151.21,LinkedIn,LinkedIn_B2B,Pro Plan,Canada
USR_01421,2024-02-09,34.05,Google_Search,GSearch_Competitor,Pro Plan,Australia
USR_01884,2024-02-13,407.61,TikTok,TikTok_Video1,Enterprise Plan,UK
USR_01853,2024-03-20,402.11,Google_Search,GSearch_Generic,Pro Plan,Canada
USR_00060,2024-03-16,286.12,Meta_Facebook,,Basic Plan,India
USR_00074,2024-03-23,242.55,Meta_Facebook,FB_Awareness,Pro Plan,Germany
USR_00552,2024-01-25,330.77,Meta_Facebook,FB_Awareness,Basic Plan,UK
USR_01547,2024-01-19,207.99,Google_Search,GSearch_Competitor,One-Time Purchase,Germany
USR_01847,2024-01-20,271.91,LinkedIn,LinkedIn_Lead,Basic Plan,UK
USR_00300,2024-03-02,394.51,Meta_Facebook,FB_Awareness,Enterprise Plan,Australia
USR_00004,2024-01-13,446.02,Meta_Facebook,FB_Awareness,Enterprise Plan,UK
USR_00342,2024-03-19,222.26,Email,Email_Welcome,Pro Plan,Canada
USR_01419,2024-02-03,455.41,Google_Search,GSearch_Brand,Pro Plan,USA
USR_01494,2024-03-18,185.4,TikTok,TikTok_Promo,One-Time Purchase,India
USR_01982,2024-01-18,341.38,Google_Search,GSearch_Competitor,Basic Plan,Germany
USR_01102,2024-03-22,490.62,Meta_Facebook,FB_Awareness,One-Time Purchase,Germany
USR_01813,2024-03-11,477.11,Email,,Enterprise Plan,UK
USR_01455,2024-01-27,223.48,LinkedIn,LinkedIn_B2B,Enterprise Plan,Australia
USR_00346,2024-03-30,148.7,Google_Search,GSearch_Competitor,Basic Plan,Australia
USR_00438,2024-02-01,311.17,Meta_Facebook,FB_Retargeting,Enterprise Plan,Germany
USR_01185,2024-01-19,43.59,Google_Search,GSearch_Competitor,Basic Plan,Germany
USR_00907,2024-01-25,66.04,Google_Search,,Basic Plan,USA
USR_01153,2024-02-04,336.18,Organic,Organic_SEO,Enterprise Plan,Australia
USR_01597,2024-02-08,25.52,Meta_Facebook,FB_Awareness,Enterprise Plan,Australia
USR_01679,2024-03-27,429.93,Meta_Facebook,FB_Awareness,Pro Plan,USA
USR_01150,2024-03-06,395.19,TikTok,TikTok_Promo,Enterprise Plan,India
USR_00902,2024-02-29,342.42,Organic,Organic_SEO,Enterprise Plan,USA
USR_00976,2024-01-24,28.92,TikTok,TikTok_Promo,Enterprise Plan,Australia
USR_00080,2024-01-21,409.65,LinkedIn,LinkedIn_Lead,Enterprise Plan,Australia
USR_00142,2024-03-07,357.39,Organic,Organic_SEO,One-Time Purchase,Canada
USR_00648,2024-01-19,275.9,Meta_Facebook,,One-Time Purchase,UK
USR_01368,2024-02-20,231.02,Organic,,Enterprise Plan,Germany
USR_01659,2024-03-03,271.17,Google_Search,GSearch_Competitor,Pro Plan,Germany
USR_01525,2024-03-25,122.53,LinkedIn,LinkedIn_B2B,One-Time Purchase,Australia
USR_00615,2024-01-21,346.04,Meta_Facebook,FB_Awareness,Basic Plan,Australia
USR_01774,2024-02-20,336.15,LinkedIn,LinkedIn_Lead,Pro Plan,Canada
USR_00355,2024-02-06,125.96,Google_Search,,Enterprise Plan,Australia
USR_00548,2024-03-18,433.06,Google_Search,GSearch_Brand,Basic Plan,Germany
USR_00581,2024-01-19,151.99,Email,Email_Promo,One-Time Purchase,UK
USR_00510,2024-01-30,113.68,Meta_Facebook,FB_Retargeting,Basic Plan,Australia
USR_00179,2024-02-28,347.39,Meta_Facebook,FB_Awareness,Basic Plan,UK
USR_01689,2024-01-30,181.87,Meta_Facebook,FB_Lookalike,Basic Plan,India
USR_00259,2024-02-27,487.78,Organic,Organic_Direct,Pro Plan,USA
USR_01272,2024-01-18,411.42,Google_Search,GSearch_Competitor,Enterprise Plan,USA
USR_01175,2024-03-20,62.83,Email,Email_Welcome,One-Time Purchase,Canada
USR_00445,2024-02-20,488.06,Google_Search,GSearch_Brand,One-Time Purchase,Canada
USR_00293,2024-03-15,318.75,LinkedIn,LinkedIn_Lead,One-Time Purchase,Canada
USR_00194,2024-01-31,66.37,Google_Search,GSearch_Competitor,Enterprise Plan,USA
USR_01714,2024-02-28,143.52,LinkedIn,LinkedIn_B2B,Pro Plan,Germany
USR_00440,2024-03-25,416.58,TikTok,TikTok_Video1,Basic Plan,India
USR_00828,2024-02-13,377.75,Meta_Facebook,FB_Lookalike,Enterprise Plan,USA
USR_01833,2024-03-26,119.64,LinkedIn,LinkedIn_B2B,Pro Plan,USA
USR_01338,2024-03-13,42.07,TikTok,TikTok_Promo,Enterprise Plan,Germany
USR_00541,2024-01-07,266.88,Email,Email_Promo,Enterprise Plan,Germany
USR_00073,2024-02-10,483.83,TikTok,TikTok_Promo,Enterprise Plan,UK
USR_01529,2024-02-20,28.88,Google_Search,GSearch_Generic,Basic Plan,India
USR_01206,2024-01-15,221.37,Google_Search,GSearch_Brand,Pro Plan,Germany
USR_01737,2024-02-02,211.66,Google_Search,GSearch_Generic,Enterprise Plan,India
USR_01496,2024-03-05,394.62,Organic,Organic_Direct,Basic Plan,UK
USR_00698,2024-03-21,230.44,TikTok,TikTok_Video1,One-Time Purchase,Canada
USR_01366,2024-02-13,71.87,Email,Email_Welcome,Basic Plan,Australia
USR_01503,2024-03-11,435.78,Google_Search,GSearch_Generic,One-Time Purchase,India
USR_00540,2024-03-02,190.79,Meta_Facebook,FB_Lookalike,Basic Plan,USA
USR_00302,2024-01-09,303.17,Organic,Organic_Direct,Pro Plan,Canada
USR_01018,2024-03-10,288.97,Google_Search,GSearch_Generic,Pro Plan,Germany
USR_01746,2024-03-20,355.34,TikTok,TikTok_Promo,Enterprise Plan,USA
USR_01207,2024-01-24,146.31,Google_Search,GSearch_Competitor,Pro Plan,UK
USR_01055,2024-03-06,372.21,TikTok,TikTok_Video1,One-Time Purchase,Canada
USR_00441,2024-02-15,384.34,Meta_Facebook,FB_Lookalike,Enterprise Plan,UK
USR_00221,2024-01-10,483.3,Organic,Organic_SEO,One-Time Purchase,UK
USR_01417,2024-02-05,241.21,TikTok,TikTok_Video1,Enterprise Plan,Canada
USR_01053,2024-01-15,108.83,Meta_Facebook,FB_Lookalike,Enterprise Plan,Canada
USR_00250,2024-01-14,238.55,Google_Search,GSearch_Generic,Pro Plan,India
USR_01117,2024-03-24,332.26,Google_Search,GSearch_Competitor,Basic Plan,Germany
USR_01618,2024-02-25,81.46,LinkedIn,LinkedIn_B2B,Pro Plan,Germany
USR_00486,2024-02-27,266.13,TikTok,TikTok_Video1,Pro Plan,Canada
USR_00571,2024-03-25,179.15,TikTok,TikTok_Promo,Enterprise Plan,USA
USR_00386,2024-01-14,230.69,Google_Search,GSearch_Generic,One-Time Purchase,Germany
USR_00061,2024-01-17,356.69,TikTok,TikTok_Video1,Basic Plan,UK
USR_01628,2024-01-09,69.44,TikTok,TikTok_Promo,Enterprise Plan,Australia
USR_00215,2024-02-09,453.72,TikTok,TikTok_Promo,Basic Plan,USA
USR_00619,2024-03-26,149.61,Meta_Facebook,FB_Lookalike,Pro Plan,USA
USR_01109,2024-02-06,290.47,LinkedIn,LinkedIn_Lead,Basic Plan,Germany
USR_01817,2024-01-28,81.25,Google_Search,GSearch_Competitor,One-Time Purchase,Germany
USR_01316,2024-02-15,383.6,Google_Search,GSearch_Generic,Enterprise Plan,Canada
USR_01538,2024-02-27,157.28,TikTok,TikTok_Promo,Basic Plan,UK
USR_00086,2024-01-29,52.56,Meta_Facebook,FB_Retargeting,Basic Plan,Canada
USR_00677,2024-03-25,296.87,Google_Search,GSearch_Competitor,Enterprise Plan,Germany
USR_00630,2024-01-28,360.79,Meta_Facebook,FB_Awareness,Basic Plan,Canada
USR_00708,2024-02-15,214.87,Google_Search,GSearch_Competitor,One-Time Purchase,Canada
USR_00052,2024-03-21,349.83,Google_Search,GSearch_Brand,Pro Plan,Australia
USR_01654,2024-03-15,375.52,TikTok,,One-Time Purchase,Australia
USR_00271,2024-01-29,469.56,Meta_Facebook,FB_Awareness,One-Time Purchase,Canada
USR_01012,2024-02-04,35.38,Meta_Facebook,FB_Retargeting,One-Time Purchase,Australia
USR_01305,2024-02-14,306.7,TikTok,TikTok_Promo,One-Time Purchase,Canada
USR_00734,2024-02-27,469.17,TikTok,,Pro Plan,India
USR_01405,2024-03-28,336.28,LinkedIn,LinkedIn_B2B,Pro Plan,Canada
USR_01227,2024-03-15,269.76,TikTok,TikTok_Promo,Basic Plan,India
USR_01116,2024-01-30,213.83,Meta_Facebook,FB_Retargeting,Pro Plan,UK
USR_01454,2024-01-20,263.41,Organic,Organic_Direct,Pro Plan,India
USR_01641,2024-03-15,180.46,Organic,Organic_Direct,Pro Plan,Canada
USR_01062,2024-03-16,201.68,Meta_Facebook,FB_Awareness,One-Time Purchase,Germany
USR_01984,2024-03-07,439.92,Meta_Facebook,FB_Awareness,Enterprise Plan,Germany
USR_01136,2024-03-01,444.88,Meta_Facebook,FB_Retargeting,Pro Plan,USA
USR_00199,2024-03-09,459.32,Google_Search,GSearch_Generic,Enterprise Plan,India
USR_01219,2024-02-27,166.46,Google_Search,GSearch_Competitor,One-Time Purchase,Germany
USR_01011,2024-01-10,270.74,Meta_Facebook,FB_Lookalike,Enterprise Plan,Australia
USR_00574,2024-02-24,424.39,Google_Search,GSearch_Competitor,Basic Plan,UK
USR_01037,2024-01-13,178.99,Email,Email_Welcome,One-Time Purchase,UK
USR_01130,2024-01-06,23.54,TikTok,TikTok_Video1,Pro Plan,Australia
USR_01393,2024-03-18,373.1,Meta_Facebook,FB_Retargeting,Pro Plan,UK
USR_01437,2024-01-23,337.68,Meta_Facebook,FB_Lookalike,Basic Plan,UK
USR_01804,2024-02-03,428.38,LinkedIn,LinkedIn_Lead,Enterprise Plan,USA
USR_00853,2024-03-16,261.59,Email,Email_Welcome,Basic Plan,India
USR_01343,2024-03-09,456.96,Organic,Organic_SEO,One-Time Purchase,USA
USR_01647,2024-02-03,150.82,Meta_Facebook,FB_Awareness,Pro Plan,Australia
USR_00529,2024-01-15,435.93,Meta_Facebook,FB_Retargeting,Basic Plan,Canada
USR_01823,2024-03-25,213.46,Google_Search,GSearch_Brand,One-Time Purchase,UK
USR_00320,2024-01-19,126.99,TikTok,TikTok_Promo,Enterprise Plan,USA
USR_00350,2024-02-25,243.4,Meta_Facebook,FB_Retargeting,Basic Plan,USA
USR_00390,2024-03-26,25.72,Meta_Facebook,FB_Awareness,Pro Plan,India
USR_00351,2024-03-27,402.45,TikTok,TikTok_Promo,Basic Plan,UK
USR_01687,2024-01-25,22.64,Email,Email_Promo,Pro Plan,USA
USR_00817,2024-01-14,258.09,TikTok,TikTok_Video1,Basic Plan,USA
USR_00521,2024-01-31,327.63,Meta_Facebook,FB_Awareness,Basic Plan,USA
USR_00339,2024-02-25,431.53,Meta_Facebook,FB_Awareness,One-Time Purchase,Australia
USR_00686,2024-02-11,48.59,Organic,Organic_Direct,Enterprise Plan,India
USR_00018,2024-02-11,349.94,Google_Search,GSearch_Brand,Enterprise Plan,USA
USR_00621,2024-02-08,414.06,TikTok,TikTok_Promo,Enterprise Plan,UK
USR_00835,2024-03-06,38.87,Organic,Organic_Direct,Pro Plan,USA
USR_01899,2024-03-28,38.21,Email,Email_Promo,Pro Plan,Canada
USR_01724,2024-02-03,404.6,TikTok,TikTok_Promo,Enterprise Plan,UK
USR_00192,2024-02-07,397.43,Google_Search,GSearch_Generic,Basic Plan,USA
USR_01427,2024-02-11,321.47,TikTok,TikTok_Promo,Basic Plan,India
USR_01435,2024-01-15,198.08,Meta_Facebook,FB_Lookalike,One-Time Purchase,India
USR_00995,2024-03-24,78.17,Google_Search,GSearch_Brand,Pro Plan,Germany
USR_00600,2024-02-22,20.87,Google_Search,GSearch_Generic,One-Time Purchase,UK
USR_01789,2024-03-03,199.82,LinkedIn,LinkedIn_B2B,Basic Plan,India
USR_01958,2024-01-25,85.52,TikTok,TikTok_Video1,Pro Plan,UK
USR_00742,2024-03-20,127.69,Organic,Organic_SEO,Pro Plan,Canada
USR_01115,2024-01-26,297.02,Meta_Facebook,FB_Awareness,Basic Plan,India
USR_01485,2024-01-19,81.03,TikTok,TikTok_Video1,Pro Plan,USA
USR_01594,2024-01-08,95.88,Meta_Facebook,FB_Lookalike,Basic Plan,USA
USR_00110,2024-01-12,297.28,Google_Search,GSearch_Brand,Pro Plan,Canada
USR_01915,2024-01-11,171.05,Meta_Facebook,FB_Awareness,Basic Plan,UK
USR_00892,2024-02-23,257.56,Google_Search,GSearch_Generic,Enterprise Plan,India
USR_00174,2024-01-05,86.0,Google_Search,GSearch_Generic,Enterprise Plan,Australia
USR_00308,2024-02-25,208.43,Google_Search,,Basic Plan,India
USR_00553,2024-01-30,384.9,LinkedIn,LinkedIn_B2B,Enterprise Plan,USA
USR_00707,2024-03-18,88.14,LinkedIn,LinkedIn_B2B,Basic Plan,India
USR_00053,2024-01-13,313.13,Meta_Facebook,FB_Awareness,Enterprise Plan,Canada
USR_01795,2024-02-27,410.27,Google_Search,GSearch_Competitor,Basic Plan,UK
USR_01586,2024-03-23,435.18,TikTok,TikTok_Video1,Enterprise Plan,India
USR_00887,2024-03-23,333.24,TikTok,TikTok_Promo,Enterprise Plan,Canada
USR_01369,2024-01-12,78.64,Google_Search,GSearch_Generic,One-Time Purchase,Australia
USR_00078,2024-03-05,437.04,TikTok,TikTok_Promo,One-Time Purchase,Germany
USR_01752,2024-02-28,30.34,Google_Search,GSearch_Generic,Basic Plan,Australia
USR_00322,2024-03-24,378.7,Email,Email_Welcome,Basic Plan,India
USR_01489,2024-03-01,152.65,Meta_Facebook,FB_Awareness,Pro Plan,Canada
USR_00554,2024-01-07,410.65,Meta_Facebook,FB_Awareness,One-Time Purchase,India
USR_00235,2024-01-16,340.48,LinkedIn,LinkedIn_Lead,Basic Plan,India
USR_01480,2024-01-30,343.65,Google_Search,GSearch_Generic,Pro Plan,India
USR_01860,2024-02-20,145.94,Email,Email_Retention,Enterprise Plan,Germany
USR_00208,2024-02-14,330.87,LinkedIn,LinkedIn_Lead,Basic Plan,Canada
USR_01415,2024-02-29,315.75,TikTok,TikTok_Promo,Pro Plan,Canada
USR_00839,2024-03-02,358.66,Email,Email_Welcome,Pro Plan,Germany
USR_01951,2024-02-02,89.64,Meta_Facebook,FB_Awareness,Pro Plan,Australia
USR_00935,2024-03-02,82.79,LinkedIn,LinkedIn_Lead,Pro Plan,India
USR_00814,2024-03-08,499.4,TikTok,TikTok_Promo,Enterprise Plan,Germany
USR_00366,2024-01-26,217.77,Google_Search,GSearch_Generic,One-Time Purchase,Australia
USR_01882,2024-03-18,65.4,LinkedIn,LinkedIn_Lead,One-Time Purchase,Germany
USR_01815,2024-01-20,448.9,Meta_Facebook,FB_Awareness,Pro Plan,Germany
USR_01799,2024-01-15,169.14,Google_Search,GSearch_Competitor,Enterprise Plan,Canada
USR_00819,2024-01-25,66.52,Organic,Organic_Direct,Basic Plan,UK
USR_01251,2024-02-15,236.26,Organic,Organic_SEO,Enterprise Plan,USA
USR_01330,2024-03-14,331.34,Organic,,Pro Plan,UK
USR_00334,2024-02-29,299.99,Email,Email_Retention,Basic Plan,Germany
USR_00838,2024-03-03,114.86,Email,Email_Promo,One-Time Purchase,Australia
USR_00371,2024-01-12,435.98,Meta_Facebook,FB_Retargeting,One-Time Purchase,Australia
USR_00190,2024-01-24,417.18,Meta_Facebook,FB_Awareness,Pro Plan,India
USR_00772,2024-03-10,342.66,Google_Search,GSearch_Competitor,Pro Plan,Canada
USR_01609,2024-02-27,280.7,Organic,Organic_Direct,Enterprise Plan,UK
USR_00556,2024-01-14,148.69,LinkedIn,LinkedIn_B2B,Pro Plan,Germany
